case_id,center,checkpoint_path,checkpoint_sha256,direction,modality_group,origin,prediction_path,prediction_sha256,seed,shape,source_prefix,spacing,variant
Case1021,CenterA,results/20260723_care_myops_batch9_exposed_issues_repair/runtime/seed20260723/student_direct_reliable/checkpoint_epoch200.pt,ea060f90efb8665855099cc99a03f93c6b7342c4dc9bd65713924a3b4d712f32,"[1.0, 0.0, 0.0, 0.0, 1.0, 0.0, 0.0, 0.0, 1.0]",LGE-only,"[0.0, 0.0, 0.0]",results/20260724_care_myops_batch10_deadline_rescue/runtime/checkpoint_screening/student_direct_reliable_legacy/seed20260723/epoch200_ea060f90/Case1021.nii.gz,8fd80ffcf8686d74b7f09853c25e7e005b5ef3b63b1b8ebee3cd350bb4dabb8c,20260723,"[12, 256, 256]",screen_student_direct_reliable_legacy_seed20260723_epoch200_ea060f90,"[1.3672000169754028, 1.3672000169754028, 9.0]",student_direct_reliable_legacy
Case1029,CenterA,results/20260723_care_myops_batch9_exposed_issues_repair/runtime/seed20260723/student_direct_reliable/checkpoint_epoch200.pt,ea060f90efb8665855099cc99a03f93c6b7342c4dc9bd65713924a3b4d712f32,"[1.0, 0.0, 0.0, 0.0, 1.0, 0.0, 0.0, 0.0, 1.0]",LGE-only,"[0.0, 0.0, 0.0]",results/20260724_care_myops_batch10_deadline_rescue/runtime/checkpoint_screening/student_direct_reliable_legacy/seed20260723/epoch200_ea060f90/Case1029.nii.gz,c14f1a6dc362415ca764b5152eb0799debbe8fe1c54e3702a0df94f8a712ce18,20260723,"[19, 256, 256]",screen_student_direct_reliable_legacy_seed20260723_epoch200_ea060f90,"[1.3280999660491943, 1.3280999660491943, 5.0]",student_direct_reliable_legacy
Case1033,CenterA,results/20260723_care_myops_batch9_exposed_issues_repair/runtime/seed20260723/student_direct_reliable/checkpoint_epoch200.pt,ea060f90efb8665855099cc99a03f93c6b7342c4dc9bd65713924a3b4d712f32,"[1.0, 0.0, 0.0, 0.0, 1.0, 0.0, 0.0, 0.0, 1.0]",LGE-only,"[0.0, 0.0, 0.0]",results/20260724_care_myops_batch10_deadline_rescue/runtime/checkpoint_screening/student_direct_reliable_legacy/seed20260723/epoch200_ea060f90/Case1033.nii.gz,529570107912dd4c2243dc0a1057926e5b7400adfe9a60507fb05c32ae4d1ec6,20260723,"[20, 256, 256]",screen_student_direct_reliable_legacy_seed20260723_epoch200_ea060f90,"[1.3280999660491943, 1.3280999660491943, 5.0]",student_direct_reliable_legacy
Case1045,CenterA,results/20260723_care_myops_batch9_exposed_issues_repair/runtime/seed20260723/student_direct_reliable/checkpoint_epoch200.pt,ea060f90efb8665855099cc99a03f93c6b7342c4dc9bd65713924a3b4d712f32,"[1.0, 0.0, 0.0, 0.0, 1.0, 0.0, 0.0, 0.0, 1.0]",LGE-only,"[0.0, 0.0, 0.0]",results/20260724_care_myops_batch10_deadline_rescue/runtime/checkpoint_screening/student_direct_reliable_legacy/seed20260723/epoch200_ea060f90/Case1045.nii.gz,fa2224c49fdbd5d7f355a6c7b96ca9a19882e419da74e6b145d38af27df3c739,20260723,"[9, 256, 256]",screen_student_direct_reliable_legacy_seed20260723_epoch200_ea060f90,"[1.4844000339508057, 1.4844000339508057, 12.5]",student_direct_reliable_legacy
Case1047,CenterA,results/20260723_care_myops_batch9_exposed_issues_repair/runtime/seed20260723/student_direct_reliable/checkpoint_epoch200.pt,ea060f90efb8665855099cc99a03f93c6b7342c4dc9bd65713924a3b4d712f32,"[1.0, 0.0, 0.0, 0.0, 1.0, 0.0, 0.0, 0.0, 1.0]",LGE-only,"[0.0, 0.0, 0.0]",results/20260724_care_myops_batch10_deadline_rescue/runtime/checkpoint_screening/student_direct_reliable_legacy/seed20260723/epoch200_ea060f90/Case1047.nii.gz,5413346d8f8fe10b342f0615cd2435cd988fc3bc964828cd0eec04449ef219d2,20260723,"[24, 256, 256]",screen_student_direct_reliable_legacy_seed20260723_epoch200_ea060f90,"[1.4452999830245972, 1.4452999830245972, 5.0]",student_direct_reliable_legacy
Case1053,CenterA,results/20260723_care_myops_batch9_exposed_issues_repair/runtime/seed20260723/student_direct_reliable/checkpoint_epoch200.pt,ea060f90efb8665855099cc99a03f93c6b7342c4dc9bd65713924a3b4d712f32,"[1.0, 0.0, 0.0, 0.0, 1.0, 0.0, 0.0, 0.0, 1.0]",LGE-only,"[0.0, 0.0, 0.0]",results/20260724_care_myops_batch10_deadline_rescue/runtime/checkpoint_screening/student_direct_reliable_legacy/seed20260723/epoch200_ea060f90/Case1053.nii.gz,21feb4b9a77e4504eb93a944ea298cfd896d9bb4bac2729c443303bde1e13091,20260723,"[9, 256, 256]",screen_student_direct_reliable_legacy_seed20260723_epoch200_ea060f90,"[1.5625, 1.5625, 13.0]",student_direct_reliable_legacy
Case1062,CenterA,results/20260723_care_myops_batch9_exposed_issues_repair/runtime/seed20260723/student_direct_reliable/checkpoint_epoch200.pt,ea060f90efb8665855099cc99a03f93c6b7342c4dc9bd65713924a3b4d712f32,"[1.0, 0.0, 0.0, 0.0, 1.0, 0.0, 0.0, 0.0, 1.0]",LGE-only,"[0.0, 0.0, 0.0]",results/20260724_care_myops_batch10_deadline_rescue/runtime/checkpoint_screening/student_direct_reliable_legacy/seed20260723/epoch200_ea060f90/Case1062.nii.gz,214cddbcecb3bdb5272b72475f9f9b837620c09dd1fca03fc39ca113bb018e38,20260723,"[20, 256, 256]",screen_student_direct_reliable_legacy_seed20260723_epoch200_ea060f90,"[1.3280999660491943, 1.3280999660491943, 5.0]",student_direct_reliable_legacy
Case1073,CenterA,results/20260723_care_myops_batch9_exposed_issues_repair/runtime/seed20260723/student_direct_reliable/checkpoint_epoch200.pt,ea060f90efb8665855099cc99a03f93c6b7342c4dc9bd65713924a3b4d712f32,"[1.0, 0.0, 0.0, 0.0, 1.0, 0.0, 0.0, 0.0, 1.0]",LGE-only,"[0.0, 0.0, 0.0]",results/20260724_care_myops_batch10_deadline_rescue/runtime/checkpoint_screening/student_direct_reliable_legacy/seed20260723/epoch200_ea060f90/Case1073.nii.gz,237045be807495670bcf8d371534b36f726aa87307027283e34e512e8fee31d6,20260723,"[10, 256, 256]",screen_student_direct_reliable_legacy_seed20260723_epoch200_ea060f90,"[1.3672000169754028, 1.3672000169754028, 10.5]",student_direct_reliable_legacy
Case1080,CenterA,results/20260723_care_myops_batch9_exposed_issues_repair/runtime/seed20260723/student_direct_reliable/checkpoint_epoch200.pt,ea060f90efb8665855099cc99a03f93c6b7342c4dc9bd65713924a3b4d712f32,"[1.0, 0.0, 0.0, 0.0, 1.0, 0.0, 0.0, 0.0, 1.0]",LGE-only,"[0.0, 0.0, 0.0]",results/20260724_care_myops_batch10_deadline_rescue/runtime/checkpoint_screening/student_direct_reliable_legacy/seed20260723/epoch200_ea060f90/Case1080.nii.gz,9bb82210b097804ad36084fc2aca1b9c5191661472a93b1fe357f184c9dccfa4,20260723,"[9, 256, 256]",screen_student_direct_reliable_legacy_seed20260723_epoch200_ea060f90,"[1.4844000339508057, 1.4844000339508057, 11.0]",student_direct_reliable_legacy
Case2007,CenterB,results/20260723_care_myops_batch9_exposed_issues_repair/runtime/seed20260723/student_direct_reliable/checkpoint_epoch200.pt,ea060f90efb8665855099cc99a03f93c6b7342c4dc9bd65713924a3b4d712f32,"[1.0, 0.0, 0.0, 0.0, 1.0, 0.0, 0.0, 0.0, 1.0]",C0+LGE+T2,"[0.0, 0.0, 10.0]",results/20260724_care_myops_batch10_deadline_rescue/runtime/checkpoint_screening/student_direct_reliable_legacy/seed20260723/epoch200_ea060f90/Case2007.nii.gz,63bce7a46b604bdea696353590e7539dbfd9d764a71f23e1fe5dc2c1386d5a54,20260723,"[6, 166, 160]",screen_student_direct_reliable_legacy_seed20260723_epoch200_ea060f90,"[1.7708333730697632, 1.7708333730697632, 10.0]",student_direct_reliable_legacy
Case2020,CenterB,results/20260723_care_myops_batch9_exposed_issues_repair/runtime/seed20260723/student_direct_reliable/checkpoint_epoch200.pt,ea060f90efb8665855099cc99a03f93c6b7342c4dc9bd65713924a3b4d712f32,"[1.0, 0.0, 0.0, 0.0, 1.0, 0.0, 0.0, 0.0, 1.0]",C0+LGE+T2,"[0.0, 0.0, 10.0]",results/20260724_care_myops_batch10_deadline_rescue/runtime/checkpoint_screening/student_direct_reliable_legacy/seed20260723/epoch200_ea060f90/Case2020.nii.gz,e6dcda6f614f84a2048521eb50fd0463761b39a5a7e4bd6c1213593e663601ad,20260723,"[6, 160, 160]",screen_student_direct_reliable_legacy_seed20260723_epoch200_ea060f90,"[1.7708333730697632, 1.7708333730697632, 10.0]",student_direct_reliable_legacy
Case2033,CenterB,results/20260723_care_myops_batch9_exposed_issues_repair/runtime/seed20260723/student_direct_reliable/checkpoint_epoch200.pt,ea060f90efb8665855099cc99a03f93c6b7342c4dc9bd65713924a3b4d712f32,"[1.0, 0.0, 0.0, 0.0, 1.0, 0.0, 0.0, 0.0, 1.0]",C0+LGE+T2,"[0.0, 0.0, 10.0]",results/20260724_care_myops_batch10_deadline_rescue/runtime/checkpoint_screening/student_direct_reliable_legacy/seed20260723/epoch200_ea060f90/Case2033.nii.gz,3d4f5e5b6fc2303dbb9d40c0bdf1dd6b9150f413efb69588def04a2338574c33,20260723,"[7, 247, 225]",screen_student_direct_reliable_legacy_seed20260723_epoch200_ea060f90,"[1.328125, 1.328125, 10.0]",student_direct_reliable_legacy
Case3004,CenterC,results/20260723_care_myops_batch9_exposed_issues_repair/runtime/seed20260723/student_direct_reliable/checkpoint_epoch200.pt,ea060f90efb8665855099cc99a03f93c6b7342c4dc9bd65713924a3b4d712f32,"[0.5896656031172621, 0.5631731723245503, -0.5789045695125195, 0.7486972656129314, -0.11234420285571717, 0.6533231810310259, -0.3028974759948901, 0.8186664510401144, 0.4878917098342887]",C0+LGE+T2,"[-132.58396911621094, -193.31329345703125, -153.46054077148438]",results/20260724_care_myops_batch10_deadline_rescue/runtime/checkpoint_screening/student_direct_reliable_legacy/seed20260723/epoch200_ea060f90/Case3004.nii.gz,0f29c432769f3d1b7b6b1dd21f14e6768af24bb6ed22a928606e2afc99955eb6,20260723,"[6, 478, 481]",screen_student_direct_reliable_legacy_seed20260723_epoch200_ea060f90,"[0.7290666699409485, 0.7290666699409485, 12.000001907348633]",student_direct_reliable_legacy
Case3011,CenterC,results/20260723_care_myops_batch9_exposed_issues_repair/runtime/seed20260723/student_direct_reliable/checkpoint_epoch200.pt,ea060f90efb8665855099cc99a03f93c6b7342c4dc9bd65713924a3b4d712f32,"[0.7355171643616474, 0.4221775740602169, -0.5298873396525531, 0.6721438047584298, -0.3564917440312127, 0.6489501722461508, -0.08507177354600708, 0.8334744941497696, 0.5459698537626697]",C0+LGE+T2,"[-154.72134399414062, -100.63591003417969, -222.80125427246094]",results/20260724_care_myops_batch10_deadline_rescue/runtime/checkpoint_screening/student_direct_reliable_legacy/seed20260723/epoch200_ea060f90/Case3011.nii.gz,d9e9186268f2f6ad9622c4bd76306ece47de9976311976ade4efbcf6e93d78b1,20260723,"[2, 498, 489]",screen_student_direct_reliable_legacy_seed20260723_epoch200_ea060f90,"[0.7290666699409485, 0.7290666699409485, 23.000001907348633]",student_direct_reliable_legacy
Case3023,CenterC,results/20260723_care_myops_batch9_exposed_issues_repair/runtime/seed20260723/student_direct_reliable/checkpoint_epoch200.pt,ea060f90efb8665855099cc99a03f93c6b7342c4dc9bd65713924a3b4d712f32,"[0.625392020830252, 0.1868996679171403, -0.7575970580026776, 0.773985172336436, -0.025206617607824403, 0.6327018368834146, -0.09915529882558569, 0.9820555689782711, 0.1604215799387365]",C0+LGE+T2,"[-59.7354736328125, -210.60658264160156, -130.4244842529297]",results/20260724_care_myops_batch10_deadline_rescue/runtime/checkpoint_screening/student_direct_reliable_legacy/seed20260723/epoch200_ea060f90/Case3023.nii.gz,13e513f0e1a8763e6a65a53f38e6f80fa608819875bbc1dbdf9b2b419cf8abc7,20260723,"[3, 479, 481]",screen_student_direct_reliable_legacy_seed20260723_epoch200_ea060f90,"[0.7291666865348816, 0.7291666865348816, 23.0]",student_direct_reliable_legacy
Case3038,CenterC,results/20260723_care_myops_batch9_exposed_issues_repair/runtime/seed20260723/student_direct_reliable/checkpoint_epoch200.pt,ea060f90efb8665855099cc99a03f93c6b7342c4dc9bd65713924a3b4d712f32,"[0.7777000590165278, 0.444800135033682, -0.44422458824105515, 0.5818294145845596, -0.24173466023005047, 0.7765557627345737, -0.23802762556030704, 0.8623903953068357, 0.4467948775062101]",C0+LGE+T2,"[-163.87860107421875, -154.21568298339844, -173.9169921875]",results/20260724_care_myops_batch10_deadline_rescue/runtime/checkpoint_screening/student_direct_reliable_legacy/seed20260723/epoch200_ea060f90/Case3038.nii.gz,42f3b5f8c9b90f6df7bef2f6dea5a237ace12290f1985684c64b1d6802138292,20260723,"[3, 508, 506]",screen_student_direct_reliable_legacy_seed20260723_epoch200_ea060f90,"[0.7421875, 0.7421875, 13.999996185302734]",student_direct_reliable_legacy
Case3040,CenterC,results/20260723_care_myops_batch9_exposed_issues_repair/runtime/seed20260723/student_direct_reliable/checkpoint_epoch200.pt,ea060f90efb8665855099cc99a03f93c6b7342c4dc9bd65713924a3b4d712f32,"[0.6492576568531518, 0.21545779416436095, -0.7294123905734631, 0.7603728700155971, -0.16212529296593212, 0.628926455814769, -0.017250900318499022, 0.9629607096421632, 0.2690893488307912]",C0+LGE+T2,"[-72.97633361816406, -194.67489624023438, -191.24249267578125]",results/20260724_care_myops_batch10_deadline_rescue/runtime/checkpoint_screening/student_direct_reliable_legacy/seed20260723/epoch200_ea060f90/Case3040.nii.gz,b6407315203163751a9d29c33408bb0ab0fb0ad706450d6590d80ac9725bca97,20260723,"[3, 495, 498]",screen_student_direct_reliable_legacy_seed20260723_epoch200_ea060f90,"[0.7290666699409485, 0.7290666699409485, 22.999998092651367]",student_direct_reliable_legacy
Case6001,CenterF,results/20260723_care_myops_batch9_exposed_issues_repair/runtime/seed20260723/student_direct_reliable/checkpoint_epoch200.pt,ea060f90efb8665855099cc99a03f93c6b7342c4dc9bd65713924a3b4d712f32,"[1.0, 0.0, 0.0, 0.0, 1.0, 0.0, 0.0, 0.0, 1.0]",C0+LGE,"[0.0, 0.0, 20.0]",results/20260724_care_myops_batch10_deadline_rescue/runtime/checkpoint_screening/student_direct_reliable_legacy/seed20260723/epoch200_ea060f90/Case6001.nii.gz,dbf53870616a8823f68f777c75c36649acd88446a83dabaa011486335cfdbcfc,20260723,"[8, 288, 288]",screen_student_direct_reliable_legacy_seed20260723_epoch200_ea060f90,"[1.25, 1.25, 10.0]",student_direct_reliable_legacy
Case7005,CenterG,results/20260723_care_myops_batch9_exposed_issues_repair/runtime/seed20260723/student_direct_reliable/checkpoint_epoch200.pt,ea060f90efb8665855099cc99a03f93c6b7342c4dc9bd65713924a3b4d712f32,"[1.0, 0.0, 0.0, 0.0, 1.0, 0.0, 0.0, 0.0, 1.0]",C0+LGE,"[0.0, 0.0, 24.0]",results/20260724_care_myops_batch10_deadline_rescue/runtime/checkpoint_screening/student_direct_reliable_legacy/seed20260723/epoch200_ea060f90/Case7005.nii.gz,44c9e2747a4edf4d2a954db3cb69f10ec5841f54244da2084aaf82f4314b9cb4,20260723,"[6, 256, 200]",screen_student_direct_reliable_legacy_seed20260723_epoch200_ea060f90,"[1.40625, 1.40625, 8.0]",student_direct_reliable_legacy
Case8015,CenterH,results/20260723_care_myops_batch9_exposed_issues_repair/runtime/seed20260723/student_direct_reliable/checkpoint_epoch200.pt,ea060f90efb8665855099cc99a03f93c6b7342c4dc9bd65713924a3b4d712f32,"[0.4731885101523182, -0.5480985769894338, -0.6896960248919388, 0.8245871233266086, -1.857666693274277e-08, 0.5657349578641373, -0.31007855440803656, -0.836413743252798, 0.45195503172187507]",LGE-only,"[24.057035446166992, -115.60334014892578, 159.41259765625]",results/20260724_care_myops_batch10_deadline_rescue/runtime/checkpoint_screening/student_direct_reliable_legacy/seed20260723/epoch200_ea060f90/Case8015.nii.gz,6814dd00f348d243836f31ce6d51c4de8103d04c3e9d56c8b8011332c647f305,20260723,"[8, 256, 206]",screen_student_direct_reliable_legacy_seed20260723_epoch200_ea060f90,"[1.3671875, 1.3671875, 10.0]",student_direct_reliable_legacy
Case8021,CenterH,results/20260723_care_myops_batch9_exposed_issues_repair/runtime/seed20260723/student_direct_reliable/checkpoint_epoch200.pt,ea060f90efb8665855099cc99a03f93c6b7342c4dc9bd65713924a3b4d712f32,"[0.5607836601101082, -0.4122449679117159, -0.7180360745738034, 0.788121239643319, -1.2367147831633145e-07, 0.6155199966654084, -0.25374514414386085, -0.911073041216484, 0.32489895246931644]",LGE-only,"[2.053392171859741, -127.28497314453125, 203.20965576171875]",results/20260724_care_myops_batch10_deadline_rescue/runtime/checkpoint_screening/student_direct_reliable_legacy/seed20260723/epoch200_ea060f90/Case8021.nii.gz,449450e7d2cdb83891a4bda21bf1bb9f3a8974774d1159cf07b5b3988ec45fb3,20260723,"[8, 256, 192]",screen_student_direct_reliable_legacy_seed20260723_epoch200_ea060f90,"[1.484375, 1.484375, 11.699999809265137]",student_direct_reliable_legacy
Case8023,CenterH,results/20260723_care_myops_batch9_exposed_issues_repair/runtime/seed20260723/student_direct_reliable/checkpoint_epoch200.pt,ea060f90efb8665855099cc99a03f93c6b7342c4dc9bd65713924a3b4d712f32,"[0.42634469538484177, -0.629163905516176, -0.64990998864138, 0.836141555481711, -1.2393186132682465e-08, 0.5485136619354926, -0.3451050563434725, -0.7772726548616209, 0.5260701182677814]",LGE-only,"[101.56582641601562, -98.36970520019531, 127.26007843017578]",results/20260724_care_myops_batch10_deadline_rescue/runtime/checkpoint_screening/student_direct_reliable_legacy/seed20260723/epoch200_ea060f90/Case8023.nii.gz,49ad15e02bfad6484fad0937b5ba8279d4936a844615744c5ad14dd74d5b65f7,20260723,"[8, 256, 192]",screen_student_direct_reliable_legacy_seed20260723_epoch200_ea060f90,"[1.484375, 1.484375, 11.699999809265137]",student_direct_reliable_legacy
