baseline_component_count_mean,baseline_dice_mean,baseline_empty_prediction_rate,baseline_hd95_mean,baseline_hd_mean,baseline_pred_gt_volume_ratio_mean,baseline_remote_fp_mean,baseline_small_fp_mean,candidate_component_count_mean,candidate_dice_mean,candidate_empty_prediction_rate,candidate_hd95_mean,candidate_hd_mean,candidate_pred_gt_volume_ratio_mean,candidate_remote_fp_mean,candidate_small_fp_mean,class_id,delta_component_count_mean_improvement,delta_dice_mean,delta_empty_prediction_rate_improvement,delta_hd95_mean_improvement,delta_hd_mean_improvement,delta_pred_gt_volume_ratio_mean,delta_remote_fp_mean_improvement,delta_small_fp_mean_improvement,group,metric_name,variant
7.714285714285714,0.5029744773313501,0.0,15.933514343740368,24.05449355554381,0.915974670131474,0.0,3.2857142857142856,7.428571428571429,0.501451442888868,0.0,15.817822900444186,24.05449355554381,1.0009472050587618,0.0,3.142857142857143,4,0.2857142857142856,-0.0015230344424821407,0.0,0.11569144329618197,0.0,0.08497253492728774,0.0,0.1428571428571428,CenterB,myops_edema,myocardium_roi_pathology_refiner
10.222222222222221,0.3100170023938187,0.0,23.18333127231124,33.92897135437405,2.1536166132195835,0.2222222222222222,6.555555555555555,11.11111111111111,0.30196930859569604,0.0,23.220333241681594,33.92059838027181,2.190813959816518,0.2222222222222222,7.111111111111111,4,-0.8888888888888893,-0.008047693798122646,0.0,-0.037001969370354715,0.008372974102236697,0.03719734659693463,0.0,-0.5555555555555554,CenterC,myops_edema,myocardium_roi_pathology_refiner
0.0,1.0,1.0,0.0,0.0,,0.0,0.0,0.0,1.0,1.0,0.0,0.0,,0.0,0.0,4,0.0,0.0,0.0,0.0,0.0,,0.0,0.0,LGE-only,myops_edema,myocardium_roi_pathology_refiner
3.3181818181818183,0.7797948718832686,0.6363636363636364,7.276922314931449,10.766868115413025,1.6121482631185355,0.045454545454545456,1.8636363636363635,3.4545454545454546,0.7779064517632578,0.6363636363636364,7.266085442687356,10.765155461619386,1.6702472546099998,0.045454545454545456,1.9545454545454546,4,-0.13636363636363624,-0.0018884201200107809,0.0,0.010836872244093243,0.0017126537936391628,0.05809899149146425,0.0,-0.09090909090909105,all_cases,myops_edema,myocardium_roi_pathology_refiner
9.125,0.3944358976789887,0.0,20.011536366061485,29.60888731738582,1.6121482631185355,0.125,5.125,9.5,0.3892427423489588,0.0,19.981734967390228,29.60417751945331,1.6702472546099998,0.125,5.375,4,-0.375,-0.005193155330029897,0.0,0.029801398671256862,0.004709797932509474,0.05809899149146425,0.0,-0.25,complete_modality,myops_edema,myocardium_roi_pathology_refiner
9.125,0.3944358976789887,0.0,20.011536366061485,29.60888731738582,1.6121482631185355,0.125,5.125,9.5,0.3892427423489588,0.0,19.981734967390228,29.60417751945331,1.6702472546099998,0.125,5.375,4,-0.375,-0.005193155330029897,0.0,0.029801398671256862,0.004709797932509474,0.05809899149146425,0.0,-0.25,gt_positive_only,myops_edema,myocardium_roi_pathology_refiner
0.0,1.0,1.0,0.0,0.0,,0.0,0.0,0.0,1.0,1.0,0.0,0.0,,0.0,0.0,4,0.0,0.0,0.0,0.0,0.0,,0.0,0.0,no_T2_empty_GT,myops_edema,myocardium_roi_pathology_refiner
9.125,0.3944358976789887,0.0,20.011536366061485,29.60888731738582,1.6121482631185355,0.125,5.125,9.5,0.3892427423489588,0.0,19.981734967390228,29.60417751945331,1.6702472546099998,0.125,5.375,4,-0.375,-0.005193155330029897,0.0,0.029801398671256862,0.004709797932509474,0.05809899149146425,0.0,-0.25,t2_present,myops_edema,myocardium_roi_pathology_refiner
2.2857142857142856,0.6131815991584468,0.0,12.440137428805636,22.295908965464097,0.9393918668686351,0.0,0.8571428571428571,2.4285714285714284,0.599319628780062,0.0,12.721447486647694,22.703602713616114,0.9172648947320475,0.0,1.1428571428571428,5,-0.1428571428571428,-0.01386197037838488,0.0,-0.28131005784205776,-0.40769374815201687,-0.02212697213658754,0.0,-0.2857142857142857,CenterB,myops_scar,myocardium_roi_pathology_refiner
1.5555555555555556,0.7556758410852353,0.0,6.799401617662012,22.899671694698274,0.958832990880399,0.3333333333333333,0.3333333333333333,1.8888888888888888,0.7529576958101724,0.0,6.737753709489932,22.833424695717117,0.9697409399668951,0.3333333333333333,0.5555555555555556,5,-0.33333333333333326,-0.0027181452750629775,0.0,0.061647908172079546,0.06624699898115693,0.010907949086496171,0.0,-0.22222222222222227,CenterC,myops_scar,myocardium_roi_pathology_refiner
6.041666666666667,0.5017892925791079,0.041666666666666664,16.875689912336288,28.632545887828623,1.3199311129477658,0.25,3.5416666666666665,5.333333333333333,0.503647390126785,0.041666666666666664,17.639500757101874,28.48844804806118,1.4122736134183043,0.125,3.2083333333333335,5,0.7083333333333339,0.0018580975476771844,0.0,-0.7638108447655867,0.1440978397674435,0.09234250047053849,0.125,0.33333333333333304,LGE-only,myops_scar,myocardium_roi_pathology_refiner
4.681818181818182,0.5601692281262312,0.022727272727272728,13.600533414596173,25.970645720273883,1.1342902419246623,0.36363636363636365,2.5454545454545454,4.295454545454546,0.5602180574517414,0.022727272727272728,14.042862493450913,25.942785895669243,1.1880188866147812,0.29545454545454547,2.4318181818181817,5,0.3863636363636358,4.882932551020236e-05,0.0,-0.4423290788547405,0.027859824604639982,0.05372864469011884,0.06818181818181818,0.11363636363636376,all_cases,myops_scar,myocardium_roi_pathology_refiner
1.875,0.6933346102422654,0.0,9.267223535037347,22.63552550065832,0.9503274991252523,0.1875,0.5625,2.125,0.685741041484499,0.0,9.355619736996452,22.776627578547927,0.9467826701766493,0.1875,0.8125,5,-0.25,-0.0075935687577664,0.0,-0.08839620195910491,-0.14110207788960594,-0.003544828948602974,0.0,-0.25,complete_modality,myops_scar,myocardium_roi_pathology_refiner
4.627906976744186,0.573196419478004,0.023255813953488372,13.600533414596173,25.970645720273883,1.1342902419246623,0.20930232558139536,2.4651162790697674,4.232558139534884,0.5732463843692237,0.023255813953488372,14.042862493450913,25.942785895669243,1.1880188866147812,0.13953488372093023,2.3488372093023258,5,0.39534883720930214,4.9964891219667074e-05,0.0,-0.4423290788547405,0.027859824604639982,0.05372864469011884,0.06976744186046513,0.11627906976744162,gt_positive_only,myops_scar,myocardium_roi_pathology_refiner
7.0,0.0,0.0,,,,7.0,6.0,7.0,0.0,0.0,,,,7.0,6.0,5,0.0,0.0,0.0,,,,0.0,0.0,no_T2_empty_GT,myops_scar,myocardium_roi_pathology_refiner
1.875,0.6933346102422654,0.0,9.267223535037347,22.63552550065832,0.9503274991252523,0.1875,0.5625,2.125,0.685741041484499,0.0,9.355619736996452,22.776627578547927,0.9467826701766493,0.1875,0.8125,5,-0.25,-0.0075935687577664,0.0,-0.08839620195910491,-0.14110207788960594,-0.003544828948602974,0.0,-0.25,t2_present,myops_scar,myocardium_roi_pathology_refiner
7.714285714285714,0.5029744773313501,0.0,15.933514343740368,24.05449355554381,0.915974670131474,0.0,3.2857142857142856,7.714285714285714,0.5029744773313501,0.0,15.933514343740368,24.05449355554381,0.915974670131474,0.0,3.2857142857142856,4,0.0,0.0,0.0,0.0,0.0,0.0,0.0,0.0,CenterB,myops_edema,nnunet_component_score_refiner
10.222222222222221,0.3100170023938187,0.0,23.18333127231124,33.92897135437405,2.1536166132195835,0.2222222222222222,6.555555555555555,10.222222222222221,0.3100170023938187,0.0,23.18333127231124,33.92897135437405,2.1536166132195835,0.2222222222222222,6.555555555555555,4,0.0,0.0,0.0,0.0,0.0,0.0,0.0,0.0,CenterC,myops_edema,nnunet_component_score_refiner
0.0,1.0,1.0,0.0,0.0,,0.0,0.0,0.0,1.0,1.0,0.0,0.0,,0.0,0.0,4,0.0,0.0,0.0,0.0,0.0,,0.0,0.0,LGE-only,myops_edema,nnunet_component_score_refiner
3.3181818181818183,0.7797948718832686,0.6363636363636364,7.276922314931449,10.766868115413025,1.6121482631185355,0.045454545454545456,1.8636363636363635,3.3181818181818183,0.7797948718832686,0.6363636363636364,7.276922314931449,10.766868115413025,1.6121482631185355,0.045454545454545456,1.8636363636363635,4,0.0,0.0,0.0,0.0,0.0,0.0,0.0,0.0,all_cases,myops_edema,nnunet_component_score_refiner
9.125,0.3944358976789887,0.0,20.011536366061485,29.60888731738582,1.6121482631185355,0.125,5.125,9.125,0.3944358976789887,0.0,20.011536366061485,29.60888731738582,1.6121482631185355,0.125,5.125,4,0.0,0.0,0.0,0.0,0.0,0.0,0.0,0.0,complete_modality,myops_edema,nnunet_component_score_refiner
9.125,0.3944358976789887,0.0,20.011536366061485,29.60888731738582,1.6121482631185355,0.125,5.125,9.125,0.3944358976789887,0.0,20.011536366061485,29.60888731738582,1.6121482631185355,0.125,5.125,4,0.0,0.0,0.0,0.0,0.0,0.0,0.0,0.0,gt_positive_only,myops_edema,nnunet_component_score_refiner
0.0,1.0,1.0,0.0,0.0,,0.0,0.0,0.0,1.0,1.0,0.0,0.0,,0.0,0.0,4,0.0,0.0,0.0,0.0,0.0,,0.0,0.0,no_T2_empty_GT,myops_edema,nnunet_component_score_refiner
9.125,0.3944358976789887,0.0,20.011536366061485,29.60888731738582,1.6121482631185355,0.125,5.125,9.125,0.3944358976789887,0.0,20.011536366061485,29.60888731738582,1.6121482631185355,0.125,5.125,4,0.0,0.0,0.0,0.0,0.0,0.0,0.0,0.0,t2_present,myops_edema,nnunet_component_score_refiner
2.2857142857142856,0.6131815991584468,0.0,12.440137428805636,22.295908965464097,0.9393918668686351,0.0,0.8571428571428571,2.2857142857142856,0.6131815991584468,0.0,12.440137428805636,22.295908965464097,0.9393918668686351,0.0,0.8571428571428571,5,0.0,0.0,0.0,0.0,0.0,0.0,0.0,0.0,CenterB,myops_scar,nnunet_component_score_refiner
1.5555555555555556,0.7556758410852353,0.0,6.799401617662012,22.899671694698274,0.958832990880399,0.3333333333333333,0.3333333333333333,1.5555555555555556,0.7556758410852353,0.0,6.799401617662012,22.899671694698274,0.958832990880399,0.3333333333333333,0.3333333333333333,5,0.0,0.0,0.0,0.0,0.0,0.0,0.0,0.0,CenterC,myops_scar,nnunet_component_score_refiner
6.041666666666667,0.5017892925791079,0.041666666666666664,16.875689912336288,28.632545887828623,1.3199311129477658,0.25,3.5416666666666665,5.916666666666667,0.5018178611836215,0.041666666666666664,16.943486052056027,28.66607030962621,1.3198328753756028,0.25,3.4166666666666665,5,0.125,2.8568604513612428e-05,0.0,-0.0677961397197393,-0.03352442179758697,-9.823757216298468e-05,0.0,0.125,LGE-only,myops_scar,nnunet_component_score_refiner
4.681818181818182,0.5601692281262312,0.022727272727272728,13.600533414596173,25.970645720273883,1.1342902419246623,0.36363636363636365,2.5454545454545454,4.613636363636363,0.5601848110014205,0.022727272727272728,13.637659872061743,25.989004332210655,1.1342354116518272,0.36363636363636365,2.477272727272727,5,0.06818181818181834,1.5582875189323886e-05,0.0,-0.037126457465570084,-0.018358611936772462,-5.4830272835149074e-05,0.0,0.06818181818181834,all_cases,myops_scar,nnunet_component_score_refiner
1.875,0.6933346102422654,0.0,9.267223535037347,22.63552550065832,0.9503274991252523,0.1875,0.5625,1.875,0.6933346102422654,0.0,9.267223535037347,22.63552550065832,0.9503274991252523,0.1875,0.5625,5,0.0,0.0,0.0,0.0,0.0,0.0,0.0,0.0,complete_modality,myops_scar,nnunet_component_score_refiner
4.627906976744186,0.573196419478004,0.023255813953488372,13.600533414596173,25.970645720273883,1.1342902419246623,0.20930232558139536,2.4651162790697674,4.558139534883721,0.5732123647456395,0.023255813953488372,13.637659872061743,25.989004332210655,1.1342354116518272,0.20930232558139536,2.395348837209302,5,0.06976744186046524,1.5945267635486537e-05,0.0,-0.037126457465570084,-0.018358611936772462,-5.4830272835149074e-05,0.0,0.06976744186046524,gt_positive_only,myops_scar,nnunet_component_score_refiner
7.0,0.0,0.0,,,,7.0,6.0,7.0,0.0,0.0,,,,7.0,6.0,5,0.0,0.0,0.0,,,,0.0,0.0,no_T2_empty_GT,myops_scar,nnunet_component_score_refiner
1.875,0.6933346102422654,0.0,9.267223535037347,22.63552550065832,0.9503274991252523,0.1875,0.5625,1.875,0.6933346102422654,0.0,9.267223535037347,22.63552550065832,0.9503274991252523,0.1875,0.5625,5,0.0,0.0,0.0,0.0,0.0,0.0,0.0,0.0,t2_present,myops_scar,nnunet_component_score_refiner
7.714285714285714,0.5029744773313501,0.0,15.933514343740368,24.05449355554381,0.915974670131474,0.0,3.2857142857142856,7.285714285714286,0.5088830560521207,0.0,15.802940260957461,24.032016435208206,0.951747601863496,0.0,3.142857142857143,4,0.4285714285714288,0.005908578720770552,0.0,0.13057408278290694,0.022477120335604894,0.035772931732022006,0.0,0.1428571428571428,CenterB,myops_edema,scar_precision_edema_recall_dual_refiner
10.222222222222221,0.3100170023938187,0.0,23.18333127231124,33.92897135437405,2.1536166132195835,0.2222222222222222,6.555555555555555,9.777777777777779,0.31071794451956636,0.0,23.374365825716012,33.911187056395185,2.2565244570710288,0.2222222222222222,6.111111111111111,4,0.44444444444444287,0.0007009421257476722,0.0,-0.19103455340477282,0.017784297978863606,0.10290784385144525,0.0,0.44444444444444464,CenterC,myops_edema,scar_precision_edema_recall_dual_refiner
0.0,1.0,1.0,0.0,0.0,,0.0,0.0,0.0,1.0,1.0,0.0,0.0,,0.0,0.0,4,0.0,0.0,0.0,0.0,0.0,,0.0,0.0,LGE-only,myops_edema,scar_precision_edema_recall_dual_refiner
3.3181818181818183,0.7797948718832686,0.6363636363636364,7.276922314931449,10.766868115413025,1.6121482631185355,0.045454545454545456,1.8636363636363635,3.159090909090909,0.7808782475691123,0.6363636363636364,7.295224414957871,10.759654512591231,1.6856845829177332,0.045454545454545456,1.75,4,0.15909090909090917,0.0010833756858437127,0.0,-0.018302100026422075,0.007213602821794396,0.07353631979919761,0.0,0.11363636363636354,all_cases,myops_edema,scar_precision_edema_recall_dual_refiner
9.125,0.3944358976789887,0.0,20.011536366061485,29.60888731738582,1.6121482631185355,0.125,5.125,8.6875,0.39741518081505883,0.0,20.061867141134147,29.589049909625885,1.6856845829177332,0.125,4.8125,4,0.4375,0.0029792831360701544,0.0,-0.0503307750726627,0.019837407759933257,0.07353631979919761,0.0,0.3125,complete_modality,myops_edema,scar_precision_edema_recall_dual_refiner
9.125,0.3944358976789887,0.0,20.011536366061485,29.60888731738582,1.6121482631185355,0.125,5.125,8.6875,0.39741518081505883,0.0,20.061867141134147,29.589049909625885,1.6856845829177332,0.125,4.8125,4,0.4375,0.0029792831360701544,0.0,-0.0503307750726627,0.019837407759933257,0.07353631979919761,0.0,0.3125,gt_positive_only,myops_edema,scar_precision_edema_recall_dual_refiner
0.0,1.0,1.0,0.0,0.0,,0.0,0.0,0.0,1.0,1.0,0.0,0.0,,0.0,0.0,4,0.0,0.0,0.0,0.0,0.0,,0.0,0.0,no_T2_empty_GT,myops_edema,scar_precision_edema_recall_dual_refiner
9.125,0.3944358976789887,0.0,20.011536366061485,29.60888731738582,1.6121482631185355,0.125,5.125,8.6875,0.39741518081505883,0.0,20.061867141134147,29.589049909625885,1.6856845829177332,0.125,4.8125,4,0.4375,0.0029792831360701544,0.0,-0.0503307750726627,0.019837407759933257,0.07353631979919761,0.0,0.3125,t2_present,myops_edema,scar_precision_edema_recall_dual_refiner
2.2857142857142856,0.6131815991584468,0.0,12.440137428805636,22.295908965464097,0.9393918668686351,0.0,0.8571428571428571,2.2857142857142856,0.6133498964361283,0.0,12.614381768497436,22.435854278113993,0.9431103960797532,0.0,0.7142857142857143,5,0.0,0.00016829727768141733,0.0,-0.17424433969179987,-0.13994531264989618,0.003718529211118149,0.0,0.1428571428571428,CenterB,myops_scar,scar_precision_edema_recall_dual_refiner
1.5555555555555556,0.7556758410852353,0.0,6.799401617662012,22.899671694698274,0.958832990880399,0.3333333333333333,0.3333333333333333,1.7777777777777777,0.7554634395373163,0.0,6.810958354043978,22.971313375957887,0.9636691557556316,0.5555555555555556,0.4444444444444444,5,-0.2222222222222221,-0.00021240154791901666,0.0,-0.011556736381966637,-0.07164168125961368,0.00483616487523264,-0.22222222222222227,-0.1111111111111111,CenterC,myops_scar,scar_precision_edema_recall_dual_refiner
6.041666666666667,0.5017892925791079,0.041666666666666664,16.875689912336288,28.632545887828623,1.3199311129477658,0.25,3.5416666666666665,5.666666666666667,0.503487007774414,0.041666666666666664,16.895631132644198,28.585749225939445,1.3396975910824174,0.25,3.3333333333333335,5,0.375,0.0016977151953061487,0.0,-0.0199412203079099,0.04679666188917864,0.0197664781346516,0.0,0.20833333333333304,LGE-only,myops_scar,scar_precision_edema_recall_dual_refiner
4.681818181818182,0.5601692281262312,0.022727272727272728,13.600533414596173,25.970645720273883,1.1342902419246623,0.36363636363636365,2.5454545454545454,4.5227272727272725,0.5615282803487108,0.022727272727272728,13.637223001196675,25.980992709118105,1.1476908051044232,0.4090909090909091,2.4318181818181817,5,0.15909090909090917,0.001359052222479673,0.0,-0.036689586600502366,-0.010346988844222693,0.013400563179760905,-0.04545454545454547,0.11363636363636376,all_cases,myops_scar,scar_precision_edema_recall_dual_refiner
1.875,0.6933346102422654,0.0,9.267223535037347,22.63552550065832,0.9503274991252523,0.1875,0.5625,2.0,0.6932887644305465,0.0,9.349956097867366,22.737050020651186,0.9546746983974348,0.3125,0.5625,5,-0.125,-4.584581171884761e-05,0.0,-0.08273256283001906,-0.10152451999286427,0.0043471992721825226,-0.125,0.0,complete_modality,myops_scar,scar_precision_edema_recall_dual_refiner
4.627906976744186,0.573196419478004,0.023255813953488372,13.600533414596173,25.970645720273883,1.1342902419246623,0.20930232558139536,2.4651162790697674,4.465116279069767,0.5745870775661228,0.023255813953488372,13.637223001196675,25.980992709118105,1.1476908051044232,0.2558139534883721,2.3488372093023258,5,0.1627906976744189,0.0013906580881187791,0.0,-0.036689586600502366,-0.010346988844222693,0.013400563179760905,-0.046511627906976744,0.11627906976744162,gt_positive_only,myops_scar,scar_precision_edema_recall_dual_refiner
7.0,0.0,0.0,,,,7.0,6.0,7.0,0.0,0.0,,,,7.0,6.0,5,0.0,0.0,0.0,,,,0.0,0.0,no_T2_empty_GT,myops_scar,scar_precision_edema_recall_dual_refiner
1.875,0.6933346102422654,0.0,9.267223535037347,22.63552550065832,0.9503274991252523,0.1875,0.5625,2.0,0.6932887644305465,0.0,9.349956097867366,22.737050020651186,0.9546746983974348,0.3125,0.5625,5,-0.125,-4.584581171884761e-05,0.0,-0.08273256283001906,-0.10152451999286427,0.0043471992721825226,-0.125,0.0,t2_present,myops_scar,scar_precision_edema_recall_dual_refiner
