rank,user,time,Dice,HD,PRE,SEN,score
1,ZQH,2026-05-06 12:52:15,0.839,6.2775,0.8252,0.8563,0.839
2,Monster,2026-07-11 20:31:08,0.7323,14.7812,0.7148,0.7694,0.7323
3,Monster,2026-07-24 09:31:17,0.7323,14.7812,0.7148,0.7694,0.7323
4,Monster,2026-07-14 12:08:38,0.7322,14.7812,0.7147,0.7693,0.7322
5,Monster,2026-06-23 15:01:55,0.7239,15.3081,0.7195,0.7451,0.7239
6,Monster,2026-06-24 23:55:07,0.7237,15.3081,0.7192,0.7451,0.7237
7,ZQH,2026-07-12 23:29:35,0.72,12.5062,0.7247,0.7472,0.72
8,ZQH,2026-06-09 16:51:25,0.714,13.9073,0.7174,0.7373,0.714
9,Sheffield_Heart,2026-06-06 09:00:32,0.7087,16.1831,0.6869,0.7546,0.7087
10,Sheffield_Heart,2026-06-09 23:56:36,0.7087,16.1831,0.6869,0.7546,0.7087
11,CTest,2026-06-03 16:46:42,0.7068,16.1211,0.6757,0.7669,0.7068
12,Monster,2026-06-04 10:55:31,0.7068,16.1211,0.6757,0.7669,0.7068
13,MaJin,2026-07-28 19:17:46,0.705,19.8936,0.6909,0.7494,0.705
14,MaJin,2026-07-29 15:23:38,0.705,19.8936,0.6914,0.7486,0.705
15,Sheffield_Heart,2026-07-23 09:04:08,0.7021,17.4137,0.7299,0.6956,0.7021
16,OrganAgent,2026-07-06 09:13:49,0.6965,13.7827,0.7,0.7478,0.6965
17,OrganAgent,2026-07-08 19:08:16,0.6965,13.7827,0.7,0.7478,0.6965
18,Sheffield_Heart,2026-07-23 09:03:53,0.6952,17.7288,0.6918,0.7209,0.6952
19,Monster,2026-07-03 11:35:49,0.6913,17.7937,0.6604,0.7475,0.6913
20,ZQH,2026-06-25 15:45:23,0.6911,13.5719,0.6601,0.7823,0.6911
21,MaJin,2026-07-30 20:54:13,0.6909,17.0638,0.6747,0.7498,0.6909
22,Sheffield_Heart,2026-06-02 03:25:36,0.6871,18.8667,0.6647,0.7312,0.6871
23,Sheffield_Heart,2026-07-01 06:16:21,0.6857,20.231,0.665,0.7202,0.6857
24,MaJin,2026-07-29 15:59:21,0.6849,15.9286,0.6718,0.7424,0.6849
25,MaJin,2026-07-29 15:59:42,0.6849,15.9286,0.6718,0.7424,0.6849
26,OrganAgent,2026-06-10 04:46:23,0.6841,25.8151,0.7492,0.6554,0.6841
27,Sheffield_Heart,2026-07-18 01:08:44,0.6839,19.744,0.6658,0.7359,0.6839
28,OrganAgent,2026-06-03 23:04:15,0.6833,25.7857,0.7331,0.6669,0.6833
29,MaJin,2026-07-09 21:24:43,0.6825,21.6906,0.6663,0.7305,0.6825
30,MaJin,2026-07-14 15:41:42,0.6824,21.6906,0.6663,0.7304,0.6824
31,ZQH,2026-05-21 11:51:24,0.6809,18.6108,0.6457,0.7815,0.6809
32,ZQH,2026-05-22 21:35:53,0.6809,18.6108,0.6457,0.7815,0.6809
33,Monster,2026-06-10 23:01:18,0.6774,16.3086,0.628,0.804,0.6774
34,MaJin,2026-06-30 19:44:40,0.6767,22.4248,0.6336,0.7401,0.6767
35,Sheffield_Heart,2026-07-01 06:16:07,0.6746,20.7667,0.6417,0.7364,0.6746
36,Monster,2026-06-09 13:55:04,0.6739,16.0572,0.6075,0.83,0.6739
37,Monster,2026-06-10 23:01:50,0.6739,16.0572,0.6075,0.83,0.6739
38,HeartMan,2026-07-14 16:53:01,0.6722,24.2551,0.7558,0.6209,0.6722
39,HeartMan,2026-07-14 22:42:15,0.6713,24.1916,0.7566,0.6187,0.6713
40,MatU(SP+A),2026-07-27 23:21:25,0.6694,20.3338,0.6222,0.7647,0.6694
41,MatU(SP+A),2026-07-26 09:27:06,0.669,20.8096,0.6216,0.768,0.669
42,MaJin,2026-07-29 15:16:59,0.6674,20.6093,0.6216,0.7844,0.6674
43,MaJin,2026-07-29 15:11:58,0.6673,20.6443,0.6219,0.7837,0.6673
44,Monster,2026-06-23 17:11:50,0.6658,17.4526,0.6266,0.7319,0.6658
45,MaJin,2026-07-06 14:09:23,0.6652,29.4548,0.7004,0.6498,0.6652
46,MaJin,2026-07-05 21:29:50,0.6645,31.7402,0.6933,0.6653,0.6645
47,MaJin,2026-07-09 18:55:31,0.6609,21.6174,0.6664,0.6745,0.6609
48,MaJin,2026-07-10 11:14:17,0.6599,24.5292,0.6196,0.7567,0.6599
49,MaJin,2026-07-02 19:16:19,0.6598,27.4532,0.5857,0.7994,0.6598
50,MaJin,2026-07-10 17:44:49,0.6588,21.4972,0.6162,0.7501,0.6588
51,HeartMan,2026-07-08 15:04:22,0.6581,28.6261,0.7186,0.6412,0.6581
52,Sheffield_Heart,2026-06-26 00:35:18,0.6579,22.9268,0.6398,0.7368,0.6579
53,MatU(SP+A),2026-07-26 09:26:49,0.6577,18.4831,0.5954,0.7799,0.6577
54,MaJin,2026-07-10 10:58:39,0.656,21.6979,0.6187,0.7451,0.656
55,MaJin,2026-07-10 12:40:41,0.6551,22.3168,0.6035,0.7626,0.6551
56,MaJin,2026-07-02 18:58:26,0.6525,26.2697,0.6115,0.7337,0.6525
57,MaJin,2026-07-11 13:59:56,0.6508,19.9816,0.6188,0.7357,0.6508
58,MaJin,2026-07-10 18:46:42,0.6506,23.2847,0.6394,0.6868,0.6506
59,MaJin,2026-07-10 16:06:40,0.6498,21.4761,0.6015,0.7521,0.6498
60,MaJin,2026-07-10 13:47:36,0.6482,21.8193,0.6009,0.7518,0.6482
61,OrganAgent,2026-06-27 22:35:12,0.6475,15.5541,0.6524,0.7376,0.6475
62,MaJin,2026-07-10 11:23:44,0.6453,22.0918,0.588,0.7722,0.6453
63,HeartMan,2026-07-09 14:02:05,0.6452,26.0341,0.7081,0.615,0.6452
64,HeartMan,2026-07-09 14:04:26,0.6452,26.0341,0.7081,0.615,0.6452
65,MaJin,2026-07-14 09:52:30,0.6428,19.9284,0.5928,0.7309,0.6428
66,MaJin,2026-07-10 10:28:13,0.6423,28.4588,0.5857,0.7538,0.6423
67,HeartMan,2026-07-14 16:44:04,0.6416,29.9506,0.712,0.6063,0.6416
68,Sheffield_Heart,2026-07-20 20:53:15,0.6383,15.763,0.5996,0.7247,0.6383
69,MaJin,2026-07-11 14:14:57,0.6378,20.1182,0.5831,0.7717,0.6378
70,MaJin,2026-07-06 14:14:46,0.6332,30.0645,0.6926,0.6141,0.6332
71,MatU(SP+A),2026-07-26 09:10:33,0.6317,21.364,0.5631,0.7589,0.6317
72,MatU(SP+A),2026-07-26 09:24:02,0.6317,21.364,0.5631,0.7589,0.6317
73,MatU(SP+A),2026-07-27 10:08:22,0.6317,21.364,0.5631,0.7589,0.6317
74,MaJin,2026-07-04 13:34:15,0.6311,19.8823,0.5857,0.7336,0.6311
75,MaJin,2026-07-15 11:20:09,0.6288,21.1578,0.5735,0.784,0.6288
76,MaJin,2026-07-09 21:05:16,0.6259,22.0322,0.569,0.7489,0.6259
77,OrganAgent,2026-05-21 00:23:31,0.6258,14.9844,0.6043,0.7193,0.6258
78,MaJin,2026-07-15 10:07:55,0.624,19.5932,0.5911,0.7451,0.624
79,MaJin,2026-07-15 10:10:43,0.624,19.5932,0.5911,0.7451,0.624
80,MatU(SP+A),2026-07-26 09:26:33,0.6238,18.9219,0.5907,0.6885,0.6238
81,MaJin,2026-07-29 16:08:38,0.6223,18.3901,0.5876,0.7781,0.6223
82,ZQH,2026-05-14 21:21:49,0.6215,26.965,0.559,0.7312,0.6215
83,ZQH,2026-05-15 13:18:02,0.6215,26.965,0.559,0.7312,0.6215
84,OrganAgent,2026-07-28 16:08:05,0.6211,15.1513,0.6068,0.7057,0.6211
85,Sheffield_Heart,2026-07-11 06:41:05,0.6204,19.7152,0.5735,0.739,0.6204
86,OrganAgent,2026-06-23 12:20:22,0.6189,17.5332,0.6235,0.6594,0.6189
87,MaJin,2026-07-29 15:53:12,0.6189,18.4126,0.5861,0.7691,0.6189
88,Sheffield_Heart,2026-07-06 10:35:30,0.6151,23.1344,0.5878,0.6638,0.6151
89,HeartMan,2026-06-28 17:27:21,0.613,27.7704,0.6564,0.606,0.613
90,MaJin,2026-07-15 15:13:28,0.6126,22.622,0.5665,0.7781,0.6126
91,Sheffield_Heart,2026-07-06 10:35:41,0.6069,22.9357,0.6078,0.6202,0.6069
92,MatU(SP+A),2026-07-26 09:25:25,0.6061,21.1617,0.5255,0.7639,0.6061
93,MatU(SP+A),2026-07-27 23:14:33,0.6017,26.5708,0.5588,0.6811,0.6017
94,OrganAgent,2026-05-18 15:45:41,0.5969,16.2536,0.5675,0.713,0.5969
95,Sheffield_Heart,2026-07-03 05:54:52,0.5816,22.0601,0.579,0.6354,0.5816
96,MaJin,2026-07-25 13:29:43,0.5811,29.5108,0.5609,0.6634,0.5811
97,MaJin,2026-07-24 15:21:34,0.5793,23.1009,0.5375,0.6975,0.5793
98,MatU(SP+A),2026-07-26 09:25:54,0.576,23.214,0.5045,0.73,0.576
99,NCC1H,2026-05-25 18:53:38,0.5746,22.378,0.5287,0.737,0.5746
100,NCC1H,2026-05-26 23:40:29,0.5746,22.378,0.5287,0.737,0.5746
101,MaJin,2026-07-01 23:33:31,0.5742,19.5488,0.4973,0.7612,0.5742
102,zxz,2026-05-17 02:26:55,0.5677,18.9994,0.5787,0.6399,0.5677
103,zxz,2026-05-19 11:21:39,0.5553,21.5826,0.5048,0.638,0.5553
104,MaJin,2026-07-21 14:14:05,0.5537,32.8058,0.5264,0.7074,0.5537
105,MaJin,2026-07-21 10:00:45,0.5536,32.8058,0.5264,0.7072,0.5536
106,Sheffield_Heart,2026-07-03 05:54:46,0.4987,23.8686,0.4741,0.5736,0.4987
107,jlu_guan,2026-07-09 22:43:01,0.4821,43.8267,0.4725,0.5207,0.4821
108,MaJin,2026-06-23 14:34:10,0.3792,33.0405,0.3623,0.4316,0.3792
