method,transform_family,case_id,center,fixed_frame,moving_frame,available_nonreference_prediction_frames,requested_pairs_per_case,pair_limit_reason,before_myocardium_dice,after_myocardium_dice,before_lv_dice,after_lv_dice,before_myocardium_hd95,after_myocardium_hd95,before_lv_hd95,after_lv_hd95,image_ncc_before,image_ncc_after,displacement_mean,displacement_p95,displacement_max,jacobian_fold_voxels,registration_metric,iterations,runtime_seconds,failure_reason,m7_continued_decision,module_available
frame0_identity_control,identity_reference_control,Case1001,center_alpha,0,9,2,3,ONLY_2_NONREFERENCE_CINEMA_PREDICTIONS_AVAILABLE_FOR_REQUESTED_3,1.0,1.0,1.0,1.0,0.0,0.0,0.0,0.0,0.9999999999999998,EVIDENCE_NOT_FOUND,,,,,,,0.0,reference-frame control row; not a non-reference registration method,NOT_USABLE_REFERENCE_CONTROL,
SimpleITK_Demons,dense_displacement,Case1001,center_alpha,0,9,2,3,ONLY_2_NONREFERENCE_CINEMA_PREDICTIONS_AVAILABLE_FOR_REQUESTED_3,0.6624609618988132,0.7776480887073242,0.767775651405859,0.9241951638288739,7.605709075927734,3.50555419921875,9.348114013671875,5.225758075714111,0.945963832157706,EVIDENCE_NOT_FOUND,2.477287530899048,6.873233628273009,21.347299575805664,41858,0.0032075020583048714,40,1.97813566098921,,NOT_USABLE_FOR_TEMPORAL_DICTIONARY,
ANTsPy_SyNOnly,SyNOnly_dense_displacement,Case1001,center_alpha,0,9,2,3,ONLY_2_NONREFERENCE_CINEMA_PREDICTIONS_AVAILABLE_FOR_REQUESTED_3,0.6624609618988132,0.690532618186354,0.767775651405859,0.790013729315702,7.605709075927734,7.390336036682129,9.348114013671875,9.227970123291016,0.945963832157706,EVIDENCE_NOT_FOUND,,,,,,25,48.16002051503165,,NOT_USABLE_FOR_TEMPORAL_DICTIONARY,
frame0_identity_control,identity_reference_control,Case1001,center_alpha,0,15,2,3,ONLY_2_NONREFERENCE_CINEMA_PREDICTIONS_AVAILABLE_FOR_REQUESTED_3,1.0,1.0,1.0,1.0,0.0,0.0,0.0,0.0,0.9999999999999998,EVIDENCE_NOT_FOUND,,,,,,,0.0,reference-frame control row; not a non-reference registration method,NOT_USABLE_REFERENCE_CONTROL,
SimpleITK_Demons,dense_displacement,Case1001,center_alpha,0,15,2,3,ONLY_2_NONREFERENCE_CINEMA_PREDICTIONS_AVAILABLE_FOR_REQUESTED_3,0.7499194120301721,0.6283987915407855,0.8538918881979088,0.8449832210400354,6.0,4.674072265625,6.850071430206299,6.0,0.9635359362020653,EVIDENCE_NOT_FOUND,3.3502135276794434,8.704689073562621,24.869979858398438,56503,0.0074838661769744555,40,0.9123997620190494,,NOT_USABLE_FOR_TEMPORAL_DICTIONARY,
ANTsPy_SyNOnly,SyNOnly_dense_displacement,Case1001,center_alpha,0,15,2,3,ONLY_2_NONREFERENCE_CINEMA_PREDICTIONS_AVAILABLE_FOR_REQUESTED_3,0.7499194120301721,0.766939687267312,0.8538918881979088,0.8780035130746031,6.0,6.0,6.850071430206299,6.850063323974609,0.9635359362020653,EVIDENCE_NOT_FOUND,,,,,,25,0.760203990037553,,NOT_USABLE_FOR_TEMPORAL_DICTIONARY,
frame0_identity_control,identity_reference_control,Case1002,center_alpha,0,8,2,3,ONLY_2_NONREFERENCE_CINEMA_PREDICTIONS_AVAILABLE_FOR_REQUESTED_3,1.0,1.0,1.0,1.0,0.0,0.0,0.0,0.0,0.9999999999999998,EVIDENCE_NOT_FOUND,,,,,,,0.0,reference-frame control row; not a non-reference registration method,NOT_USABLE_REFERENCE_CONTROL,
SimpleITK_Demons,dense_displacement,Case1002,center_alpha,0,8,2,3,ONLY_2_NONREFERENCE_CINEMA_PREDICTIONS_AVAILABLE_FOR_REQUESTED_3,0.6104122461351925,0.6883789241784468,0.7641048787493332,0.8311489816972986,7.482144832611084,6.223412990570068,11.685134887695312,7.838643550872803,0.9208520557574272,EVIDENCE_NOT_FOUND,2.0024609565734863,5.270996856689452,15.570014953613281,30193,0.0010765820897347777,40,0.8835214040009305,,NOT_USABLE_FOR_TEMPORAL_DICTIONARY,
ANTsPy_SyNOnly,SyNOnly_dense_displacement,Case1002,center_alpha,0,8,2,3,ONLY_2_NONREFERENCE_CINEMA_PREDICTIONS_AVAILABLE_FOR_REQUESTED_3,0.6104122461351925,0.6104122461351925,0.7641048787493332,0.7641048787493332,7.482144832611084,7.482144832611084,11.685134887695312,11.685134887695312,0.9208520557574272,EVIDENCE_NOT_FOUND,,,,,,25,0.336634622013662,,NOT_USABLE_FOR_TEMPORAL_DICTIONARY,
frame0_identity_control,identity_reference_control,Case1002,center_alpha,0,15,2,3,ONLY_2_NONREFERENCE_CINEMA_PREDICTIONS_AVAILABLE_FOR_REQUESTED_3,1.0,1.0,1.0,1.0,0.0,0.0,0.0,0.0,0.9999999999999998,EVIDENCE_NOT_FOUND,,,,,,,0.0,reference-frame control row; not a non-reference registration method,NOT_USABLE_REFERENCE_CONTROL,
SimpleITK_Demons,dense_displacement,Case1002,center_alpha,0,15,2,3,ONLY_2_NONREFERENCE_CINEMA_PREDICTIONS_AVAILABLE_FOR_REQUESTED_3,0.7921645445641528,0.8426510558227054,0.8973375698477046,0.9402335699564919,3.305068254470825,2.3370361328125,4.213139057159424,3.3050575256347656,0.9498593688664645,EVIDENCE_NOT_FOUND,1.050634503364563,2.9918180823326077,12.679889678955078,12308,0.00034327021096054944,40,0.8635208090418018,,NOT_USABLE_FOR_TEMPORAL_DICTIONARY,
ANTsPy_SyNOnly,SyNOnly_dense_displacement,Case1002,center_alpha,0,15,2,3,ONLY_2_NONREFERENCE_CINEMA_PREDICTIONS_AVAILABLE_FOR_REQUESTED_3,0.7921645445641528,0.7921645445641528,0.8973375698477046,0.8973375698477046,3.305068254470825,3.305068254470825,4.213139057159424,4.213139057159424,0.9498593688664645,EVIDENCE_NOT_FOUND,,,,,,25,0.33225016499636695,,NOT_USABLE_FOR_TEMPORAL_DICTIONARY,
frame0_identity_control,identity_reference_control,Case1003,center_alpha,0,6,2,3,ONLY_2_NONREFERENCE_CINEMA_PREDICTIONS_AVAILABLE_FOR_REQUESTED_3,1.0,1.0,1.0,1.0,0.0,0.0,0.0,0.0,0.9999999999999999,EVIDENCE_NOT_FOUND,,,,,,,0.0,reference-frame control row; not a non-reference registration method,NOT_USABLE_REFERENCE_CONTROL,
SimpleITK_Demons,dense_displacement,Case1003,center_alpha,0,6,2,3,ONLY_2_NONREFERENCE_CINEMA_PREDICTIONS_AVAILABLE_FOR_REQUESTED_3,0.608413948256468,0.7828228842310732,0.49448785186770844,0.8336227308602999,7.030608201026891,4.817908763885498,11.508534479141236,6.0,0.9093693636810446,EVIDENCE_NOT_FOUND,1.5917587280273438,4.492151498794556,15.725703239440918,21135,0.000293772433018352,40,0.8880297570140101,,NOT_USABLE_FOR_TEMPORAL_DICTIONARY,
ANTsPy_SyNOnly,SyNOnly_dense_displacement,Case1003,center_alpha,0,6,2,3,ONLY_2_NONREFERENCE_CINEMA_PREDICTIONS_AVAILABLE_FOR_REQUESTED_3,0.608413948256468,0.608413948256468,0.49448785186770844,0.49448785186770844,7.030608201026891,7.030608201026891,11.508534479141236,11.508534479141236,0.9093693636810446,EVIDENCE_NOT_FOUND,,,,,,25,0.33791653299704194,,NOT_USABLE_FOR_TEMPORAL_DICTIONARY,
frame0_identity_control,identity_reference_control,Case1003,center_alpha,0,15,2,3,ONLY_2_NONREFERENCE_CINEMA_PREDICTIONS_AVAILABLE_FOR_REQUESTED_3,1.0,1.0,1.0,1.0,0.0,0.0,0.0,0.0,0.9999999999999999,EVIDENCE_NOT_FOUND,,,,,,,0.0,reference-frame control row; not a non-reference registration method,NOT_USABLE_REFERENCE_CONTROL,
SimpleITK_Demons,dense_displacement,Case1003,center_alpha,0,15,2,3,ONLY_2_NONREFERENCE_CINEMA_PREDICTIONS_AVAILABLE_FOR_REQUESTED_3,0.770304512113803,0.8378652410360402,0.7632490474541046,0.8891015998906058,4.213151931762695,2.612865447998047,5.842581272125244,3.305063009262085,0.9560001476033765,EVIDENCE_NOT_FOUND,1.0932068824768066,3.126867949962616,16.229543685913086,11805,9.634833045931637e-05,40,0.8905518290121108,,NOT_USABLE_FOR_TEMPORAL_DICTIONARY,
ANTsPy_SyNOnly,SyNOnly_dense_displacement,Case1003,center_alpha,0,15,2,3,ONLY_2_NONREFERENCE_CINEMA_PREDICTIONS_AVAILABLE_FOR_REQUESTED_3,0.770304512113803,0.770304512113803,0.7632490474541046,0.7632490474541046,4.213151931762695,4.213151931762695,5.842581272125244,5.842581272125244,0.9560001476033765,EVIDENCE_NOT_FOUND,,,,,,25,0.342206139001064,,NOT_USABLE_FOR_TEMPORAL_DICTIONARY,
frame0_identity_control,identity_reference_control,Case1004,center_alpha,0,10,2,3,ONLY_2_NONREFERENCE_CINEMA_PREDICTIONS_AVAILABLE_FOR_REQUESTED_3,1.0,1.0,1.0,1.0,0.0,0.0,0.0,0.0,1.0,EVIDENCE_NOT_FOUND,,,,,,,0.0,reference-frame control row; not a non-reference registration method,NOT_USABLE_REFERENCE_CONTROL,
SimpleITK_Demons,dense_displacement,Case1004,center_alpha,0,10,2,3,ONLY_2_NONREFERENCE_CINEMA_PREDICTIONS_AVAILABLE_FOR_REQUESTED_3,0.7213228035538006,0.45965616764964234,0.8151867998454831,0.7681451612903226,4.674072265625,6.292642378807068,8.179611206054688,9.2178127288818,0.9567537249628227,EVIDENCE_NOT_FOUND,3.6980905532836914,9.399183654785157,23.223970413208008,55272,0.008493961968062886,40,0.8541269899578765,,NOT_USABLE_FOR_TEMPORAL_DICTIONARY,
ANTsPy_SyNOnly,SyNOnly_dense_displacement,Case1004,center_alpha,0,10,2,3,ONLY_2_NONREFERENCE_CINEMA_PREDICTIONS_AVAILABLE_FOR_REQUESTED_3,0.7213228035538006,0.7213228035538006,0.8151867998454831,0.8151867998454831,4.674072265625,4.674072265625,8.179611206054688,8.179611206054688,0.9567537249628227,EVIDENCE_NOT_FOUND,,,,,,25,0.3104115729802288,,NOT_USABLE_FOR_TEMPORAL_DICTIONARY,
frame0_identity_control,identity_reference_control,Case1004,center_alpha,0,15,2,3,ONLY_2_NONREFERENCE_CINEMA_PREDICTIONS_AVAILABLE_FOR_REQUESTED_3,1.0,1.0,1.0,1.0,0.0,0.0,0.0,0.0,1.0,EVIDENCE_NOT_FOUND,,,,,,,0.0,reference-frame control row; not a non-reference registration method,NOT_USABLE_REFERENCE_CONTROL,
SimpleITK_Demons,dense_displacement,Case1004,center_alpha,0,15,2,3,ONLY_2_NONREFERENCE_CINEMA_PREDICTIONS_AVAILABLE_FOR_REQUESTED_3,0.774356896900952,0.7798855766335441,0.8561840843720039,0.8775837952649848,3.695164203643799,3.695178508758545,5.8425750732421875,4.817908763885498,0.9691667251591927,EVIDENCE_NOT_FOUND,2.102278709411621,4.964808011054991,12.680498123168945,30587,0.0016094543968421002,40,0.8577827169792727,,NOT_USABLE_FOR_TEMPORAL_DICTIONARY,
ANTsPy_SyNOnly,SyNOnly_dense_displacement,Case1004,center_alpha,0,15,2,3,ONLY_2_NONREFERENCE_CINEMA_PREDICTIONS_AVAILABLE_FOR_REQUESTED_3,0.774356896900952,0.774356896900952,0.8561840843720039,0.8561840843720039,3.695164203643799,3.695164203643799,5.8425750732421875,5.8425750732421875,0.9691667251591927,EVIDENCE_NOT_FOUND,,,,,,25,0.3107303929864429,,NOT_USABLE_FOR_TEMPORAL_DICTIONARY,
frame0_identity_control,identity_reference_control,Case1005,center_alpha,0,8,2,3,ONLY_2_NONREFERENCE_CINEMA_PREDICTIONS_AVAILABLE_FOR_REQUESTED_3,1.0,1.0,1.0,1.0,0.0,0.0,0.0,0.0,0.9999999999999999,EVIDENCE_NOT_FOUND,,,,,,,0.0,reference-frame control row; not a non-reference registration method,NOT_USABLE_REFERENCE_CONTROL,
SimpleITK_Demons,dense_displacement,Case1005,center_alpha,0,8,2,3,ONLY_2_NONREFERENCE_CINEMA_PREDICTIONS_AVAILABLE_FOR_REQUESTED_3,0.5731372475269869,0.44991789819376027,0.6689586447433981,0.7906673699233657,7.482144832611084,7.3314772844314575,11.50854034423828,8.374700546264648,0.9126147105971412,EVIDENCE_NOT_FOUND,3.8022208213806152,10.0518057346344,27.474510192871094,71740,0.005410492809370742,40,0.8788384440122172,,NOT_USABLE_FOR_TEMPORAL_DICTIONARY,
ANTsPy_SyNOnly,SyNOnly_dense_displacement,Case1005,center_alpha,0,8,2,3,ONLY_2_NONREFERENCE_CINEMA_PREDICTIONS_AVAILABLE_FOR_REQUESTED_3,0.5731372475269869,0.5731372475269869,0.6689586447433981,0.6689586447433981,7.482144832611084,7.482144832611084,11.50854034423828,11.50854034423828,0.9126147105971412,EVIDENCE_NOT_FOUND,,,,,,25,0.3471825020387769,,NOT_USABLE_FOR_TEMPORAL_DICTIONARY,
frame0_identity_control,identity_reference_control,Case1005,center_alpha,0,15,2,3,ONLY_2_NONREFERENCE_CINEMA_PREDICTIONS_AVAILABLE_FOR_REQUESTED_3,1.0,1.0,1.0,1.0,0.0,0.0,0.0,0.0,0.9999999999999999,EVIDENCE_NOT_FOUND,,,,,,,0.0,reference-frame control row; not a non-reference registration method,NOT_USABLE_REFERENCE_CONTROL,
SimpleITK_Demons,dense_displacement,Case1005,center_alpha,0,15,2,3,ONLY_2_NONREFERENCE_CINEMA_PREDICTIONS_AVAILABLE_FOR_REQUESTED_3,0.6602484237550497,0.8365700627427547,0.7581042742198038,0.9495592919043034,5.8425750732421875,2.6128790378570557,7.482144832611084,3.5055389404296875,0.9555163104572287,EVIDENCE_NOT_FOUND,1.1336102485656738,3.3927695751190186,17.962434768676758,14587,0.0004204225689649201,40,0.8791902189841494,,NOT_USABLE_FOR_TEMPORAL_DICTIONARY,
ANTsPy_SyNOnly,SyNOnly_dense_displacement,Case1005,center_alpha,0,15,2,3,ONLY_2_NONREFERENCE_CINEMA_PREDICTIONS_AVAILABLE_FOR_REQUESTED_3,0.6602484237550497,0.6602484237550497,0.7581042742198038,0.7581042742198038,5.8425750732421875,5.8425750732421875,7.482144832611084,7.482144832611084,0.9555163104572287,EVIDENCE_NOT_FOUND,,,,,,25,0.3359406149829738,,NOT_USABLE_FOR_TEMPORAL_DICTIONARY,
frame0_identity_control,identity_reference_control,Case1006,center_alpha,0,9,2,3,ONLY_2_NONREFERENCE_CINEMA_PREDICTIONS_AVAILABLE_FOR_REQUESTED_3,1.0,1.0,1.0,1.0,0.0,0.0,0.0,0.0,1.0000000000000002,EVIDENCE_NOT_FOUND,,,,,,,0.0,reference-frame control row; not a non-reference registration method,NOT_USABLE_REFERENCE_CONTROL,
SimpleITK_Demons,dense_displacement,Case1006,center_alpha,0,9,2,3,ONLY_2_NONREFERENCE_CINEMA_PREDICTIONS_AVAILABLE_FOR_REQUESTED_3,0.5357664233576642,0.4555035482409784,0.7230637128627855,0.6945509309967142,8.179611206054688,7.331473350524902,11.685150146484375,9.682934570312456,0.8974645642461834,EVIDENCE_NOT_FOUND,2.7634711265563965,6.597156739234924,14.983654975891113,48158,0.0022047062321947732,40,0.8898968779831193,,NOT_USABLE_FOR_TEMPORAL_DICTIONARY,
ANTsPy_SyNOnly,SyNOnly_dense_displacement,Case1006,center_alpha,0,9,2,3,ONLY_2_NONREFERENCE_CINEMA_PREDICTIONS_AVAILABLE_FOR_REQUESTED_3,0.5357664233576642,0.5809276061163632,0.7230637128627855,0.7554901895243507,8.179611206054688,7.838623523712158,11.685150146484375,11.023756980895996,0.8974645642461834,EVIDENCE_NOT_FOUND,,,,,,25,0.7874177169869654,,NOT_USABLE_FOR_TEMPORAL_DICTIONARY,
frame0_identity_control,identity_reference_control,Case1006,center_alpha,0,15,2,3,ONLY_2_NONREFERENCE_CINEMA_PREDICTIONS_AVAILABLE_FOR_REQUESTED_3,1.0,1.0,1.0,1.0,0.0,0.0,0.0,0.0,1.0000000000000002,EVIDENCE_NOT_FOUND,,,,,,,0.0,reference-frame control row; not a non-reference registration method,NOT_USABLE_REFERENCE_CONTROL,
SimpleITK_Demons,dense_displacement,Case1006,center_alpha,0,15,2,3,ONLY_2_NONREFERENCE_CINEMA_PREDICTIONS_AVAILABLE_FOR_REQUESTED_3,0.6247833895207788,0.687614360527478,0.7838945539198007,0.8693493202531263,6.850071430206299,5.8425750732421875,7.482144832611084,6.43907356262207,0.9371735853596608,EVIDENCE_NOT_FOUND,2.0314624309539795,5.345851731300341,19.704811096191406,36620,0.0004573988864496029,40,0.8697279470507056,,NOT_USABLE_FOR_TEMPORAL_DICTIONARY,
ANTsPy_SyNOnly,SyNOnly_dense_displacement,Case1006,center_alpha,0,15,2,3,ONLY_2_NONREFERENCE_CINEMA_PREDICTIONS_AVAILABLE_FOR_REQUESTED_3,0.6247833895207788,0.6610411445611141,0.7838945539198007,0.8191874880793439,6.850071430206299,6.813551902770996,7.482144832611084,7.331475067138672,0.9371735853596608,EVIDENCE_NOT_FOUND,,,,,,25,0.7645516920019872,,NOT_USABLE_FOR_TEMPORAL_DICTIONARY,
frame0_identity_control,identity_reference_control,Case1007,center_alpha,0,10,2,3,ONLY_2_NONREFERENCE_CINEMA_PREDICTIONS_AVAILABLE_FOR_REQUESTED_3,1.0,1.0,1.0,1.0,0.0,0.0,0.0,0.0,1.0,EVIDENCE_NOT_FOUND,,,,,,,0.0,reference-frame control row; not a non-reference registration method,NOT_USABLE_REFERENCE_CONTROL,
SimpleITK_Demons,dense_displacement,Case1007,center_alpha,0,10,2,3,ONLY_2_NONREFERENCE_CINEMA_PREDICTIONS_AVAILABLE_FOR_REQUESTED_3,0.5146070741453308,0.600796812749004,0.6006069402295817,0.6834046295926118,8.179603576660156,8.179603576660156,13.064394807815551,12.0,0.9265309016345603,EVIDENCE_NOT_FOUND,1.7769169807434082,5.033424448966979,17.520048141479492,21160,0.0016068261317564744,40,0.8921927539631724,,NOT_USABLE_FOR_TEMPORAL_DICTIONARY,
ANTsPy_SyNOnly,SyNOnly_dense_displacement,Case1007,center_alpha,0,10,2,3,ONLY_2_NONREFERENCE_CINEMA_PREDICTIONS_AVAILABLE_FOR_REQUESTED_3,0.5146070741453308,0.524628059984589,0.6006069402295817,0.6165348170042597,8.179603576660156,7.956664800643921,13.064394807815551,13.007559967041026,0.9265309016345603,EVIDENCE_NOT_FOUND,,,,,,25,0.8639120690058917,,NOT_USABLE_FOR_TEMPORAL_DICTIONARY,
frame0_identity_control,identity_reference_control,Case1007,center_alpha,0,15,2,3,ONLY_2_NONREFERENCE_CINEMA_PREDICTIONS_AVAILABLE_FOR_REQUESTED_3,1.0,1.0,1.0,1.0,0.0,0.0,0.0,0.0,1.0,EVIDENCE_NOT_FOUND,,,,,,,0.0,reference-frame control row; not a non-reference registration method,NOT_USABLE_REFERENCE_CONTROL,
SimpleITK_Demons,dense_displacement,Case1007,center_alpha,0,15,2,3,ONLY_2_NONREFERENCE_CINEMA_PREDICTIONS_AVAILABLE_FOR_REQUESTED_3,0.5845141237773105,0.7105876425017321,0.7038123167155426,0.8221658564080885,7.390335559844971,7.0110931396484375,9.983804321289062,9.420864152908326,0.9422587178692852,EVIDENCE_NOT_FOUND,1.292912483215332,4.000891089439385,16.174840927124023,13645,0.0011011995851459217,40,0.8926296170102432,,NOT_USABLE_FOR_TEMPORAL_DICTIONARY,
ANTsPy_SyNOnly,SyNOnly_dense_displacement,Case1007,center_alpha,0,15,2,3,ONLY_2_NONREFERENCE_CINEMA_PREDICTIONS_AVAILABLE_FOR_REQUESTED_3,0.5845141237773105,0.630379439932113,0.7038123167155426,0.7414487716249308,7.390335559844971,6.949018478393555,9.983804321289062,9.915183067321777,0.9422587178692852,EVIDENCE_NOT_FOUND,,,,,,25,0.8538063089945354,,NOT_USABLE_FOR_TEMPORAL_DICTIONARY,
frame0_identity_control,identity_reference_control,Case1008,center_alpha,0,15,2,3,ONLY_2_NONREFERENCE_CINEMA_PREDICTIONS_AVAILABLE_FOR_REQUESTED_3,1.0,1.0,1.0,1.0,0.0,0.0,0.0,0.0,1.0,EVIDENCE_NOT_FOUND,,,,,,,0.0,reference-frame control row; not a non-reference registration method,NOT_USABLE_REFERENCE_CONTROL,
SimpleITK_Demons,dense_displacement,Case1008,center_alpha,0,15,2,3,ONLY_2_NONREFERENCE_CINEMA_PREDICTIONS_AVAILABLE_FOR_REQUESTED_3,0.655098645115284,0.7155606190069306,0.6212055819306574,0.8175046554934823,7.390337944030762,6.2926483154296875,11.107980728149414,7.390335559844971,0.9399658674406041,EVIDENCE_NOT_FOUND,2.705836296081543,8.323519706726074,19.928234100341797,38792,0.0013536413951335212,40,0.8726146440021694,,NOT_USABLE_FOR_TEMPORAL_DICTIONARY,
ANTsPy_SyNOnly,SyNOnly_dense_displacement,Case1008,center_alpha,0,15,2,3,ONLY_2_NONREFERENCE_CINEMA_PREDICTIONS_AVAILABLE_FOR_REQUESTED_3,0.655098645115284,0.655098645115284,0.6212055819306574,0.6212055819306574,7.390337944030762,7.390337944030762,11.107980728149414,11.107980728149414,0.9399658674406041,EVIDENCE_NOT_FOUND,,,,,,25,0.3458390940213576,,NOT_USABLE_FOR_TEMPORAL_DICTIONARY,
frame0_identity_control,identity_reference_control,Case1008,center_alpha,0,28,2,3,ONLY_2_NONREFERENCE_CINEMA_PREDICTIONS_AVAILABLE_FOR_REQUESTED_3,1.0,1.0,1.0,1.0,0.0,0.0,0.0,0.0,1.0,EVIDENCE_NOT_FOUND,,,,,,,0.0,reference-frame control row; not a non-reference registration method,NOT_USABLE_REFERENCE_CONTROL,
SimpleITK_Demons,dense_displacement,Case1008,center_alpha,0,28,2,3,ONLY_2_NONREFERENCE_CINEMA_PREDICTIONS_AVAILABLE_FOR_REQUESTED_3,0.937641132534306,0.9276031905156257,0.9610753581067054,0.9653981050096844,1.16851806640625,1.16851806640625,1.16851806640625,1.16851806640625,0.9900625521638697,EVIDENCE_NOT_FOUND,1.2814183235168457,3.57868754863739,11.833940505981445,14121,0.00020812029994272371,40,0.8816838610218838,,NOT_USABLE_FOR_TEMPORAL_DICTIONARY,
ANTsPy_SyNOnly,SyNOnly_dense_displacement,Case1008,center_alpha,0,28,2,3,ONLY_2_NONREFERENCE_CINEMA_PREDICTIONS_AVAILABLE_FOR_REQUESTED_3,0.937641132534306,0.937641132534306,0.9610753581067054,0.9610753581067054,1.16851806640625,1.16851806640625,1.16851806640625,1.16851806640625,0.9900625521638697,EVIDENCE_NOT_FOUND,,,,,,25,0.3422675980255008,,NOT_USABLE_FOR_TEMPORAL_DICTIONARY,
frame0_identity_control,identity_reference_control,Case1010,center_alpha,0,6,2,3,ONLY_2_NONREFERENCE_CINEMA_PREDICTIONS_AVAILABLE_FOR_REQUESTED_3,1.0,1.0,1.0,1.0,0.0,0.0,0.0,0.0,1.0,EVIDENCE_NOT_FOUND,,,,,,,0.0,reference-frame control row; not a non-reference registration method,NOT_USABLE_REFERENCE_CONTROL,
SimpleITK_Demons,dense_displacement,Case1010,center_alpha,0,6,2,3,ONLY_2_NONREFERENCE_CINEMA_PREDICTIONS_AVAILABLE_FOR_REQUESTED_3,0.5331640471082703,0.7240664900024091,0.7372392365734576,0.8934348573634162,6.0,4.213130474090576,7.107802867889404,5.842568874359131,0.9246686778159189,EVIDENCE_NOT_FOUND,1.8649965524673462,5.275779771804808,18.805593490600586,34780,0.000678688578306512,40,0.8974941199994646,,NOT_USABLE_FOR_TEMPORAL_DICTIONARY,
ANTsPy_SyNOnly,SyNOnly_dense_displacement,Case1010,center_alpha,0,6,2,3,ONLY_2_NONREFERENCE_CINEMA_PREDICTIONS_AVAILABLE_FOR_REQUESTED_3,0.5331640471082703,0.6016696223885116,0.7372392365734576,0.7822037844473606,6.0,6.0,7.107802867889404,7.331476211547852,0.9246686778159189,EVIDENCE_NOT_FOUND,,,,,,25,0.8515697150141932,,NOT_USABLE_FOR_TEMPORAL_DICTIONARY,
frame0_identity_control,identity_reference_control,Case1010,center_alpha,0,15,2,3,ONLY_2_NONREFERENCE_CINEMA_PREDICTIONS_AVAILABLE_FOR_REQUESTED_3,1.0,1.0,1.0,1.0,0.0,0.0,0.0,0.0,1.0,EVIDENCE_NOT_FOUND,,,,,,,0.0,reference-frame control row; not a non-reference registration method,NOT_USABLE_REFERENCE_CONTROL,
SimpleITK_Demons,dense_displacement,Case1010,center_alpha,0,15,2,3,ONLY_2_NONREFERENCE_CINEMA_PREDICTIONS_AVAILABLE_FOR_REQUESTED_3,0.6523710977059575,0.7752491309385863,0.8257425742574257,0.9180899774692928,4.817923545837402,3.5055389404296875,6.112727165222168,4.674072265625,0.952254944043125,EVIDENCE_NOT_FOUND,1.2543057203292847,3.375636613368988,15.01816177368164,19041,0.0003704103986199666,40,0.891976254992187,,NOT_USABLE_FOR_TEMPORAL_DICTIONARY,
ANTsPy_SyNOnly,SyNOnly_dense_displacement,Case1010,center_alpha,0,15,2,3,ONLY_2_NONREFERENCE_CINEMA_PREDICTIONS_AVAILABLE_FOR_REQUESTED_3,0.6523710977059575,0.6876876876876877,0.8257425742574257,0.8530950656041214,4.817923545837402,4.817923545837402,6.112727165222168,6.112725734710693,0.952254944043125,EVIDENCE_NOT_FOUND,,,,,,25,0.8777093910030089,,NOT_USABLE_FOR_TEMPORAL_DICTIONARY,
frame0_identity_control,identity_reference_control,Case1011,center_alpha,0,8,2,3,ONLY_2_NONREFERENCE_CINEMA_PREDICTIONS_AVAILABLE_FOR_REQUESTED_3,1.0,1.0,1.0,1.0,0.0,0.0,0.0,0.0,1.0000000000000002,EVIDENCE_NOT_FOUND,,,,,,,0.0,reference-frame control row; not a non-reference registration method,NOT_USABLE_REFERENCE_CONTROL,
SimpleITK_Demons,dense_displacement,Case1011,center_alpha,0,8,2,3,ONLY_2_NONREFERENCE_CINEMA_PREDICTIONS_AVAILABLE_FOR_REQUESTED_3,0.5370194667102896,0.59226914817466,0.6162604518768903,0.7348433879046123,9.227970123291016,13.688874721527142,12.585296726226806,14.070777893066406,0.9047504043727311,EVIDENCE_NOT_FOUND,3.2557218074798584,9.39368486404419,23.116756439208984,49608,0.00359262286192728,40,0.8625148110440932,,NOT_USABLE_FOR_TEMPORAL_DICTIONARY,
ANTsPy_SyNOnly,SyNOnly_dense_displacement,Case1011,center_alpha,0,8,2,3,ONLY_2_NONREFERENCE_CINEMA_PREDICTIONS_AVAILABLE_FOR_REQUESTED_3,0.5370194667102896,0.5370194667102896,0.6162604518768903,0.6162604518768903,9.227970123291016,9.227970123291016,12.585296726226806,12.585296726226806,0.9047504043727311,EVIDENCE_NOT_FOUND,,,,,,25,0.3401212369790301,,NOT_USABLE_FOR_TEMPORAL_DICTIONARY,
frame0_identity_control,identity_reference_control,Case1011,center_alpha,0,15,2,3,ONLY_2_NONREFERENCE_CINEMA_PREDICTIONS_AVAILABLE_FOR_REQUESTED_3,1.0,1.0,1.0,1.0,0.0,0.0,0.0,0.0,1.0000000000000002,EVIDENCE_NOT_FOUND,,,,,,,0.0,reference-frame control row; not a non-reference registration method,NOT_USABLE_REFERENCE_CONTROL,
SimpleITK_Demons,dense_displacement,Case1011,center_alpha,0,15,2,3,ONLY_2_NONREFERENCE_CINEMA_PREDICTIONS_AVAILABLE_FOR_REQUESTED_3,0.7190357155086806,0.7796480489671003,0.8253321256038647,0.9164423981064168,5.2257513999938965,7.482144832611084,6.813551902770996,11.039193153381348,0.9455302238493849,EVIDENCE_NOT_FOUND,2.5471436977386475,7.675700902938843,21.44138526916504,37599,0.0016526108705260194,40,0.8789201589534059,,NOT_USABLE_FOR_TEMPORAL_DICTIONARY,
ANTsPy_SyNOnly,SyNOnly_dense_displacement,Case1011,center_alpha,0,15,2,3,ONLY_2_NONREFERENCE_CINEMA_PREDICTIONS_AVAILABLE_FOR_REQUESTED_3,0.7190357155086806,0.7190357155086806,0.8253321256038647,0.8253321256038647,5.2257513999938965,5.2257513999938965,6.813551902770996,6.813551902770996,0.9455302238493849,EVIDENCE_NOT_FOUND,,,,,,25,0.3349418040015735,,NOT_USABLE_FOR_TEMPORAL_DICTIONARY,
frame0_identity_control,identity_reference_control,Case1012,center_alpha,0,6,2,3,ONLY_2_NONREFERENCE_CINEMA_PREDICTIONS_AVAILABLE_FOR_REQUESTED_3,1.0,1.0,1.0,1.0,0.0,0.0,0.0,0.0,1.0,EVIDENCE_NOT_FOUND,,,,,,,0.0,reference-frame control row; not a non-reference registration method,NOT_USABLE_REFERENCE_CONTROL,
SimpleITK_Demons,dense_displacement,Case1012,center_alpha,0,6,2,3,ONLY_2_NONREFERENCE_CINEMA_PREDICTIONS_AVAILABLE_FOR_REQUESTED_3,0.4751124041258926,0.43069888154235925,0.5537350735906693,0.672686230248307,12.0,10.144261360168457,14.518074035644531,10.922046422958374,0.8850114320117783,EVIDENCE_NOT_FOUND,4.77257776260376,12.037715530395507,28.272932052612305,53470,0.014612349524589022,40,0.48323785298271105,,NOT_USABLE_FOR_TEMPORAL_DICTIONARY,
ANTsPy_SyNOnly,SyNOnly_dense_displacement,Case1012,center_alpha,0,6,2,3,ONLY_2_NONREFERENCE_CINEMA_PREDICTIONS_AVAILABLE_FOR_REQUESTED_3,0.4751124041258926,0.4751124041258926,0.5537350735906693,0.5537350735906693,12.0,12.0,14.518074035644531,14.518074035644531,0.8850114320117783,EVIDENCE_NOT_FOUND,,,,,,25,0.30331392801599577,,NOT_USABLE_FOR_TEMPORAL_DICTIONARY,
frame0_identity_control,identity_reference_control,Case1012,center_alpha,0,15,2,3,ONLY_2_NONREFERENCE_CINEMA_PREDICTIONS_AVAILABLE_FOR_REQUESTED_3,1.0,1.0,1.0,1.0,0.0,0.0,0.0,0.0,1.0,EVIDENCE_NOT_FOUND,,,,,,,0.0,reference-frame control row; not a non-reference registration method,NOT_USABLE_REFERENCE_CONTROL,
SimpleITK_Demons,dense_displacement,Case1012,center_alpha,0,15,2,3,ONLY_2_NONREFERENCE_CINEMA_PREDICTIONS_AVAILABLE_FOR_REQUESTED_3,0.6285036653730056,0.5711180719810778,0.7940412263987529,0.7926338996239138,6.0,5.842573642730713,7.011086654663086,7.956666946411133,0.9283364113608911,EVIDENCE_NOT_FOUND,3.0972604751586914,8.419451904296873,18.567707061767578,36132,0.00469090067091905,40,0.4765199249959551,,NOT_USABLE_FOR_TEMPORAL_DICTIONARY,
ANTsPy_SyNOnly,SyNOnly_dense_displacement,Case1012,center_alpha,0,15,2,3,ONLY_2_NONREFERENCE_CINEMA_PREDICTIONS_AVAILABLE_FOR_REQUESTED_3,0.6285036653730056,0.6285036653730056,0.7940412263987529,0.7940412263987529,6.0,6.0,7.011086654663086,7.011086654663086,0.9283364113608911,EVIDENCE_NOT_FOUND,,,,,,25,0.2972001090529375,,NOT_USABLE_FOR_TEMPORAL_DICTIONARY,
frame0_identity_control,identity_reference_control,Case1013,center_alpha,0,9,2,3,ONLY_2_NONREFERENCE_CINEMA_PREDICTIONS_AVAILABLE_FOR_REQUESTED_3,1.0,1.0,1.0,1.0,0.0,0.0,0.0,0.0,0.9999999999999998,EVIDENCE_NOT_FOUND,,,,,,,0.0,reference-frame control row; not a non-reference registration method,NOT_USABLE_REFERENCE_CONTROL,
SimpleITK_Demons,dense_displacement,Case1013,center_alpha,0,9,2,3,ONLY_2_NONREFERENCE_CINEMA_PREDICTIONS_AVAILABLE_FOR_REQUESTED_3,0.661160525201186,0.671667628390075,0.7003532911863146,0.867974725640173,8.37470531463623,7.011085510253906,12.97868824005127,6.2926483154296875,0.9075037254287935,EVIDENCE_NOT_FOUND,2.326453447341919,7.405978155136107,23.318029403686523,34360,0.0035588345379060017,40,0.8851801190176047,,NOT_USABLE_FOR_TEMPORAL_DICTIONARY,
ANTsPy_SyNOnly,SyNOnly_dense_displacement,Case1013,center_alpha,0,9,2,3,ONLY_2_NONREFERENCE_CINEMA_PREDICTIONS_AVAILABLE_FOR_REQUESTED_3,0.661160525201186,0.6887113790504898,0.7003532911863146,0.7286012526096033,8.37470531463623,7.956665992736816,12.97868824005127,12.15564808845517,0.9075037254287935,EVIDENCE_NOT_FOUND,,,,,,25,0.8378454500343651,,NOT_USABLE_FOR_TEMPORAL_DICTIONARY,
frame0_identity_control,identity_reference_control,Case1013,center_alpha,0,15,2,3,ONLY_2_NONREFERENCE_CINEMA_PREDICTIONS_AVAILABLE_FOR_REQUESTED_3,1.0,1.0,1.0,1.0,0.0,0.0,0.0,0.0,0.9999999999999998,EVIDENCE_NOT_FOUND,,,,,,,0.0,reference-frame control row; not a non-reference registration method,NOT_USABLE_REFERENCE_CONTROL,
SimpleITK_Demons,dense_displacement,Case1013,center_alpha,0,15,2,3,ONLY_2_NONREFERENCE_CINEMA_PREDICTIONS_AVAILABLE_FOR_REQUESTED_3,0.72065880313303,0.8125433125433126,0.7792887029288703,0.9324934383202099,6.0,3.6951663494110107,8.262655258178711,6.0,0.9412431411866659,EVIDENCE_NOT_FOUND,1.5585781335830688,5.162073922157286,16.880126953125,21612,0.001125118144589854,40,0.888903035025578,,NOT_USABLE_FOR_TEMPORAL_DICTIONARY,
ANTsPy_SyNOnly,SyNOnly_dense_displacement,Case1013,center_alpha,0,15,2,3,ONLY_2_NONREFERENCE_CINEMA_PREDICTIONS_AVAILABLE_FOR_REQUESTED_3,0.72065880313303,0.7396186506578742,0.7792887029288703,0.8050181633859931,6.0,6.0,8.262655258178711,8.179611206054688,0.9412431411866659,EVIDENCE_NOT_FOUND,,,,,,25,0.8585887880180962,,NOT_USABLE_FOR_TEMPORAL_DICTIONARY,
VoxelMorph,learned_dense_displacement,availability_probe,,,,,,,,,,,,,,,,,,,,,,,,No trained CARE CineMyoPS VoxelMorph weights were found or authorized for this M7 continued repair attempt.,NOT_USABLE_UNTRAINED_OR_NO_WEIGHTS,True
