timestamp_utc,phase,git_head,job_ids,job_states,decision,next_action
2026-07-19T18:52:09.977688+00:00,B1_RACE_SUBMITTED,b9c7664da7cb1f1892fff37a4497722f31a0a96d,"{""a100"": ""59546548"", ""htzhulab"": ""59546347""}",SUBMITTED,NEEDS_MONITOR,watch B1 race; cancel pending loser when a job starts
2026-07-19T18:52:10.185012+00:00,B1_RACE_PENDING,b9c7664da7cb1f1892fff37a4497722f31a0a96d,"{""a100"": ""59546548"", ""htzhulab"": ""59546347""}","{""a100"": {""job_id"": ""59546548"", ""partition"": ""a100-gpu"", ""reason"": ""(Priority)"", ""start_time"": ""2026-07-20T11:55:00"", ""state"": ""PENDING"", ""time"": ""0:00""}, ""htzhulab"": {""job_id"": ""59546347"", ""partition"": ""htzhulab"", ""reason"": ""(Resources)"", ""start_time"": ""2026-07-20T06:10:38"", ""state"": ""PENDING"", ""time"": ""0:00""}}",NEEDS_MONITOR,poll again
2026-07-19T18:55:32.915665+00:00,B1_RACE_SUBMITTED,b9c7664da7cb1f1892fff37a4497722f31a0a96d,"{""a100"": ""59548314"", ""htzhulab"": ""59548190""}",SUBMITTED,NEEDS_MONITOR,watch B1 race; cancel pending loser when a job starts
2026-07-19T18:55:32.952858+00:00,B1_RACE_PENDING,b9c7664da7cb1f1892fff37a4497722f31a0a96d,"{""a100"": ""59548314"", ""htzhulab"": ""59548190""}","{""a100"": {""job_id"": ""59548314"", ""partition"": ""a100-gpu"", ""reason"": ""(None)"", ""start_time"": ""N/A"", ""state"": ""PENDING"", ""time"": ""0:00""}, ""htzhulab"": {""job_id"": ""59548190"", ""partition"": ""htzhulab"", ""reason"": ""(Resources)"", ""start_time"": ""2026-07-20T06:10:38"", ""state"": ""PENDING"", ""time"": ""0:00""}}",NEEDS_MONITOR,poll again
2026-07-19T18:56:14.140607+00:00,B1_RACE_RETRY_AFTER_STARTUP_FAILURE,b9c7664da7cb1f1892fff37a4497722f31a0a96d,"{""cancelled_a100"": ""59546548"", ""failed_htzhulab"": ""59546347"", ""retry_a100"": ""59548314"", ""retry_htzhulab"": ""59548190""}","{""59546347"": ""FAILED ExitCode=2:0 elapsed=00:00:03 zero_credit"", ""59546548"": ""CANCELLED pending loser zero_credit""}",NEEDS_MONITOR,same-scope B1 retry watcher route_B_round04_B1_watch monitors 59548190 and 59548314
2026-07-19T18:58:12.309942+00:00,B1_VOLTA_FALLBACK_CHECK,b9c7664da7cb1f1892fff37a4497722f31a0a96d,"{""a100_retry1"": ""59548314"", ""htzhulab_retry1"": ""59548190"", ""volta_test_only"": ""59549594""}","{""volta_test_only"": ""start=2026-07-26T12:27:47; not submitted; worse than htzhulab/a100""}",NO_VOLTA_SUBMISSION,continue watching htzhulab+a100 B1 retry race
2026-07-19T18:59:32.504886+00:00,B1_RETRY_RACE_PENDING_REFRESH,b9c7664da7cb1f1892fff37a4497722f31a0a96d,"{""a100_retry1"": ""59548314"", ""htzhulab_retry1"": ""59548190""}","{""59546347"": ""FAILED ExitCode=2:0 zero_credit"", ""59546548"": ""CANCELLED pending loser zero_credit"", ""59548190"": ""PENDING htzhulab Resources start=2026-07-20T06:10:38"", ""59548314"": ""PENDING a100-gpu Priority start=2026-07-20T11:55:00""}",NEEDS_MONITOR,watcher remains active; cancel pending loser when a job starts; B2 blocked until B1 completion token
2026-07-19T19:00:32.991902+00:00,B1_RACE_PENDING,b9c7664da7cb1f1892fff37a4497722f31a0a96d,"{""a100"": ""59548314"", ""htzhulab"": ""59548190""}","{""a100"": {""job_id"": ""59548314"", ""partition"": ""a100-gpu"", ""reason"": ""(Priority)"", ""start_time"": ""2026-07-20T11:55:00"", ""state"": ""PENDING"", ""time"": ""0:00""}, ""htzhulab"": {""job_id"": ""59548190"", ""partition"": ""htzhulab"", ""reason"": ""(Resources)"", ""start_time"": ""2026-07-20T06:10:38"", ""state"": ""PENDING"", ""time"": ""0:00""}}",NEEDS_MONITOR,poll again
2026-07-19T19:03:34.847122+00:00,B2_SCAFFOLD_PREPARED_DEPENDENCY_SAFE,b9c7664da7cb1f1892fff37a4497722f31a0a96d,"{""a100_retry1"": ""59548314"", ""htzhulab_retry1"": ""59548190""}",B1 still pending; B2 not executed,NEEDS_MONITOR,run B2 only after B1 completion token; B2 prep/test passed dependency gate
2026-07-19T19:04:32.197583+00:00,B1_RACE_SUBMITTED,b9c7664da7cb1f1892fff37a4497722f31a0a96d,"{""a100"": ""59548314"", ""htzhulab"": ""59548190""}",SUBMITTED,NEEDS_MONITOR,watch B1 race; cancel pending loser when a job starts
2026-07-19T19:04:32.238213+00:00,B1_RACE_PENDING,b9c7664da7cb1f1892fff37a4497722f31a0a96d,"{""a100"": ""59548314"", ""htzhulab"": ""59548190""}","{""a100"": {""job_id"": ""59548314"", ""partition"": ""a100-gpu"", ""reason"": ""(Priority)"", ""start_time"": ""2026-07-20T11:55:00"", ""state"": ""PENDING"", ""time"": ""0:00""}, ""htzhulab"": {""job_id"": ""59548190"", ""partition"": ""htzhulab"", ""reason"": ""(Resources)"", ""start_time"": ""2026-07-20T06:10:38"", ""state"": ""PENDING"", ""time"": ""0:00""}}",NEEDS_MONITOR,poll again
2026-07-19T19:04:43.777941+00:00,B1_WATCHER_POLL_INTERVAL_TIGHTENED,b9c7664da7cb1f1892fff37a4497722f31a0a96d,"{""a100_retry1"": ""59548314"", ""htzhulab_retry1"": ""59548190""}",both pending at restart; watcher poll interval changed from 300s to 60s,NEEDS_MONITOR,watcher cancels pending loser when one job starts; B2 waits for B1 completion token
2026-07-19T19:05:32.697392+00:00,B1_RACE_PENDING,b9c7664da7cb1f1892fff37a4497722f31a0a96d,"{""a100"": ""59548314"", ""htzhulab"": ""59548190""}","{""a100"": {""job_id"": ""59548314"", ""partition"": ""a100-gpu"", ""reason"": ""(Priority)"", ""start_time"": ""2026-07-20T11:55:00"", ""state"": ""PENDING"", ""time"": ""0:00""}, ""htzhulab"": {""job_id"": ""59548190"", ""partition"": ""htzhulab"", ""reason"": ""(Resources)"", ""start_time"": ""2026-07-20T06:10:38"", ""state"": ""PENDING"", ""time"": ""0:00""}}",NEEDS_MONITOR,poll again
2026-07-19T19:06:32.743489+00:00,B1_RACE_PENDING,b9c7664da7cb1f1892fff37a4497722f31a0a96d,"{""a100"": ""59548314"", ""htzhulab"": ""59548190""}","{""a100"": {""job_id"": ""59548314"", ""partition"": ""a100-gpu"", ""reason"": ""(Priority)"", ""start_time"": ""2026-07-20T11:55:00"", ""state"": ""PENDING"", ""time"": ""0:00""}, ""htzhulab"": {""job_id"": ""59548190"", ""partition"": ""htzhulab"", ""reason"": ""(Resources)"", ""start_time"": ""2026-07-20T06:10:38"", ""state"": ""PENDING"", ""time"": ""0:00""}}",NEEDS_MONITOR,poll again
2026-07-19T19:07:32.790957+00:00,B1_RACE_PENDING,b9c7664da7cb1f1892fff37a4497722f31a0a96d,"{""a100"": ""59548314"", ""htzhulab"": ""59548190""}","{""a100"": {""job_id"": ""59548314"", ""partition"": ""a100-gpu"", ""reason"": ""(Priority)"", ""start_time"": ""2026-07-20T11:55:00"", ""state"": ""PENDING"", ""time"": ""0:00""}, ""htzhulab"": {""job_id"": ""59548190"", ""partition"": ""htzhulab"", ""reason"": ""(Resources)"", ""start_time"": ""2026-07-20T06:10:38"", ""state"": ""PENDING"", ""time"": ""0:00""}}",NEEDS_MONITOR,poll again
2026-07-19T19:08:32.832449+00:00,B1_RACE_PENDING,b9c7664da7cb1f1892fff37a4497722f31a0a96d,"{""a100"": ""59548314"", ""htzhulab"": ""59548190""}","{""a100"": {""job_id"": ""59548314"", ""partition"": ""a100-gpu"", ""reason"": ""(Priority)"", ""start_time"": ""2026-07-20T11:55:00"", ""state"": ""PENDING"", ""time"": ""0:00""}, ""htzhulab"": {""job_id"": ""59548190"", ""partition"": ""htzhulab"", ""reason"": ""(Resources)"", ""start_time"": ""2026-07-20T06:10:38"", ""state"": ""PENDING"", ""time"": ""0:00""}}",NEEDS_MONITOR,poll again
2026-07-19T19:09:32.879914+00:00,B1_RACE_PENDING,b9c7664da7cb1f1892fff37a4497722f31a0a96d,"{""a100"": ""59548314"", ""htzhulab"": ""59548190""}","{""a100"": {""job_id"": ""59548314"", ""partition"": ""a100-gpu"", ""reason"": ""(Priority)"", ""start_time"": ""2026-07-20T11:55:00"", ""state"": ""PENDING"", ""time"": ""0:00""}, ""htzhulab"": {""job_id"": ""59548190"", ""partition"": ""htzhulab"", ""reason"": ""(Resources)"", ""start_time"": ""2026-07-20T06:10:38"", ""state"": ""PENDING"", ""time"": ""0:00""}}",NEEDS_MONITOR,poll again
2026-07-19T19:10:33.105042+00:00,B1_RACE_PENDING,b9c7664da7cb1f1892fff37a4497722f31a0a96d,"{""a100"": ""59548314"", ""htzhulab"": ""59548190""}","{""a100"": {""job_id"": ""59548314"", ""partition"": ""a100-gpu"", ""reason"": ""(Priority)"", ""start_time"": ""2026-07-20T11:55:00"", ""state"": ""PENDING"", ""time"": ""0:00""}, ""htzhulab"": {""job_id"": ""59548190"", ""partition"": ""htzhulab"", ""reason"": ""(Resources)"", ""start_time"": ""2026-07-20T06:10:38"", ""state"": ""PENDING"", ""time"": ""0:00""}}",NEEDS_MONITOR,poll again
2026-07-19T19:11:33.363886+00:00,B1_RACE_PENDING,b9c7664da7cb1f1892fff37a4497722f31a0a96d,"{""a100"": ""59548314"", ""htzhulab"": ""59548190""}","{""a100"": {""job_id"": ""59548314"", ""partition"": ""a100-gpu"", ""reason"": ""(Priority)"", ""start_time"": ""2026-07-20T11:55:00"", ""state"": ""PENDING"", ""time"": ""0:00""}, ""htzhulab"": {""job_id"": ""59548190"", ""partition"": ""htzhulab"", ""reason"": ""(Resources)"", ""start_time"": ""2026-07-20T06:10:38"", ""state"": ""PENDING"", ""time"": ""0:00""}}",NEEDS_MONITOR,poll again
2026-07-19T19:12:33.422068+00:00,B1_RACE_PENDING,b9c7664da7cb1f1892fff37a4497722f31a0a96d,"{""a100"": ""59548314"", ""htzhulab"": ""59548190""}","{""a100"": {""job_id"": ""59548314"", ""partition"": ""a100-gpu"", ""reason"": ""(Priority)"", ""start_time"": ""2026-07-20T11:55:00"", ""state"": ""PENDING"", ""time"": ""0:00""}, ""htzhulab"": {""job_id"": ""59548190"", ""partition"": ""htzhulab"", ""reason"": ""(Resources)"", ""start_time"": ""2026-07-20T06:10:38"", ""state"": ""PENDING"", ""time"": ""0:00""}}",NEEDS_MONITOR,poll again
2026-07-19T19:13:33.465163+00:00,B1_RACE_PENDING,b9c7664da7cb1f1892fff37a4497722f31a0a96d,"{""a100"": ""59548314"", ""htzhulab"": ""59548190""}","{""a100"": {""job_id"": ""59548314"", ""partition"": ""a100-gpu"", ""reason"": ""(Priority)"", ""start_time"": ""2026-07-20T11:55:00"", ""state"": ""PENDING"", ""time"": ""0:00""}, ""htzhulab"": {""job_id"": ""59548190"", ""partition"": ""htzhulab"", ""reason"": ""(Resources)"", ""start_time"": ""2026-07-20T06:10:38"", ""state"": ""PENDING"", ""time"": ""0:00""}}",NEEDS_MONITOR,poll again
2026-07-19T19:13:36.501114+00:00,CONTROLLER_B1_TO_B2_SUPERVISOR_STARTED,b9c7664da7cb1f1892fff37a4497722f31a0a96d,"{""a100"":""59548314"",""htzhulab"":""59548190""}",waiting for B1 canonical completion,NEEDS_MONITOR,wait for B1 pass token before exact B2
2026-07-19T19:14:33.507700+00:00,B1_RACE_PENDING,b9c7664da7cb1f1892fff37a4497722f31a0a96d,"{""a100"": ""59548314"", ""htzhulab"": ""59548190""}","{""a100"": {""job_id"": ""59548314"", ""partition"": ""a100-gpu"", ""reason"": ""(Priority)"", ""start_time"": ""2026-07-20T11:55:00"", ""state"": ""PENDING"", ""time"": ""0:00""}, ""htzhulab"": {""job_id"": ""59548190"", ""partition"": ""htzhulab"", ""reason"": ""(Resources)"", ""start_time"": ""2026-07-20T06:10:38"", ""state"": ""PENDING"", ""time"": ""0:00""}}",NEEDS_MONITOR,poll again
2026-07-19T19:15:33.575591+00:00,B1_RACE_RUNNING,b9c7664da7cb1f1892fff37a4497722f31a0a96d,"{""a100"": ""59548314"", ""htzhulab"": ""59548190""}","{""a100"": {""cancel_command"": ""scancel 59548314"", ""cancel_exit"": ""0"", ""cancel_stderr"": """", ""cancel_stdout"": """", ""job_id"": ""59548314"", ""partition"": ""a100-gpu"", ""reason"": ""(Priority)"", ""start_time"": ""2026-07-20T11:55:00"", ""state"": ""PENDING"", ""time"": ""0:00""}, ""htzhulab"": {""job_id"": ""59548190"", ""partition"": ""htzhulab"", ""reason"": ""g1807htzh01"", ""start_time"": ""2026-07-19T15:15:10"", ""state"": ""RUNNING"", ""time"": ""0:23""}}",NEEDS_MONITOR,monitor running winner candidate htzhulab
2026-07-19T19:16:33.654501+00:00,B1_RACE_RUNNING,b9c7664da7cb1f1892fff37a4497722f31a0a96d,"{""a100"": ""59548314"", ""htzhulab"": ""59548190""}","{""a100"": {""elapsed"": ""00:00:00"", ""end"": ""2026-07-19T15:15:33"", ""exit_code"": ""0:0"", ""job_id"": ""59548314"", ""node"": ""None assigned"", ""partition"": ""a100-gpu"", ""start"": ""None"", ""state"": ""CANCELLED by 397557""}, ""htzhulab"": {""job_id"": ""59548190"", ""partition"": ""htzhulab"", ""reason"": ""g1807htzh01"", ""start_time"": ""2026-07-19T15:15:10"", ""state"": ""RUNNING"", ""time"": ""1:23""}}",NEEDS_MONITOR,monitor running winner candidate htzhulab
2026-07-19T19:17:33.720883+00:00,B1_RACE_RUNNING,b9c7664da7cb1f1892fff37a4497722f31a0a96d,"{""a100"": ""59548314"", ""htzhulab"": ""59548190""}","{""a100"": {""elapsed"": ""00:00:00"", ""end"": ""2026-07-19T15:15:33"", ""exit_code"": ""0:0"", ""job_id"": ""59548314"", ""node"": ""None assigned"", ""partition"": ""a100-gpu"", ""start"": ""None"", ""state"": ""CANCELLED by 397557""}, ""htzhulab"": {""job_id"": ""59548190"", ""partition"": ""htzhulab"", ""reason"": ""g1807htzh01"", ""start_time"": ""2026-07-19T15:15:10"", ""state"": ""RUNNING"", ""time"": ""2:23""}}",NEEDS_MONITOR,monitor running winner candidate htzhulab
2026-07-19T19:18:33.816305+00:00,B1_RACE_RUNNING,b9c7664da7cb1f1892fff37a4497722f31a0a96d,"{""a100"": ""59548314"", ""htzhulab"": ""59548190""}","{""a100"": {""elapsed"": ""00:00:00"", ""end"": ""2026-07-19T15:15:33"", ""exit_code"": ""0:0"", ""job_id"": ""59548314"", ""node"": ""None assigned"", ""partition"": ""a100-gpu"", ""start"": ""None"", ""state"": ""CANCELLED by 397557""}, ""htzhulab"": {""job_id"": ""59548190"", ""partition"": ""htzhulab"", ""reason"": ""g1807htzh01"", ""start_time"": ""2026-07-19T15:15:10"", ""state"": ""RUNNING"", ""time"": ""3:23""}}",NEEDS_MONITOR,monitor running winner candidate htzhulab
2026-07-19T19:19:33.916970+00:00,B1_RACE_RUNNING,b9c7664da7cb1f1892fff37a4497722f31a0a96d,"{""a100"": ""59548314"", ""htzhulab"": ""59548190""}","{""a100"": {""elapsed"": ""00:00:00"", ""end"": ""2026-07-19T15:15:33"", ""exit_code"": ""0:0"", ""job_id"": ""59548314"", ""node"": ""None assigned"", ""partition"": ""a100-gpu"", ""start"": ""None"", ""state"": ""CANCELLED by 397557""}, ""htzhulab"": {""job_id"": ""59548190"", ""partition"": ""htzhulab"", ""reason"": ""g1807htzh01"", ""start_time"": ""2026-07-19T15:15:10"", ""state"": ""RUNNING"", ""time"": ""4:23""}}",NEEDS_MONITOR,monitor running winner candidate htzhulab
2026-07-19T19:20:33.998329+00:00,B1_RACE_RUNNING,b9c7664da7cb1f1892fff37a4497722f31a0a96d,"{""a100"": ""59548314"", ""htzhulab"": ""59548190""}","{""a100"": {""elapsed"": ""00:00:00"", ""end"": ""2026-07-19T15:15:33"", ""exit_code"": ""0:0"", ""job_id"": ""59548314"", ""node"": ""None assigned"", ""partition"": ""a100-gpu"", ""start"": ""None"", ""state"": ""CANCELLED by 397557""}, ""htzhulab"": {""job_id"": ""59548190"", ""partition"": ""htzhulab"", ""reason"": ""g1807htzh01"", ""start_time"": ""2026-07-19T15:15:10"", ""state"": ""RUNNING"", ""time"": ""5:23""}}",NEEDS_MONITOR,monitor running winner candidate htzhulab
2026-07-19T19:21:34.072153+00:00,B1_RACE_RUNNING,b9c7664da7cb1f1892fff37a4497722f31a0a96d,"{""a100"": ""59548314"", ""htzhulab"": ""59548190""}","{""a100"": {""elapsed"": ""00:00:00"", ""end"": ""2026-07-19T15:15:33"", ""exit_code"": ""0:0"", ""job_id"": ""59548314"", ""node"": ""None assigned"", ""partition"": ""a100-gpu"", ""start"": ""None"", ""state"": ""CANCELLED by 397557""}, ""htzhulab"": {""job_id"": ""59548190"", ""partition"": ""htzhulab"", ""reason"": ""g1807htzh01"", ""start_time"": ""2026-07-19T15:15:10"", ""state"": ""RUNNING"", ""time"": ""6:24""}}",NEEDS_MONITOR,monitor running winner candidate htzhulab
2026-07-19T19:22:35.045350+00:00,B1_RACE_RUNNING,b9c7664da7cb1f1892fff37a4497722f31a0a96d,"{""a100"": ""59548314"", ""htzhulab"": ""59548190""}","{""a100"": {""elapsed"": ""00:00:00"", ""end"": ""2026-07-19T15:15:33"", ""exit_code"": ""0:0"", ""job_id"": ""59548314"", ""node"": ""None assigned"", ""partition"": ""a100-gpu"", ""start"": ""None"", ""state"": ""CANCELLED by 397557""}, ""htzhulab"": {""job_id"": ""59548190"", ""partition"": ""htzhulab"", ""reason"": ""g1807htzh01"", ""start_time"": ""2026-07-19T15:15:10"", ""state"": ""RUNNING"", ""time"": ""7:25""}}",NEEDS_MONITOR,monitor running winner candidate htzhulab
2026-07-19T19:23:35.121946+00:00,B1_RACE_RUNNING,b9c7664da7cb1f1892fff37a4497722f31a0a96d,"{""a100"": ""59548314"", ""htzhulab"": ""59548190""}","{""a100"": {""elapsed"": ""00:00:00"", ""end"": ""2026-07-19T15:15:33"", ""exit_code"": ""0:0"", ""job_id"": ""59548314"", ""node"": ""None assigned"", ""partition"": ""a100-gpu"", ""start"": ""None"", ""state"": ""CANCELLED by 397557""}, ""htzhulab"": {""job_id"": ""59548190"", ""partition"": ""htzhulab"", ""reason"": ""g1807htzh01"", ""start_time"": ""2026-07-19T15:15:10"", ""state"": ""RUNNING"", ""time"": ""8:25""}}",NEEDS_MONITOR,monitor running winner candidate htzhulab
2026-07-19T19:24:35.187856+00:00,B1_RACE_RUNNING,b9c7664da7cb1f1892fff37a4497722f31a0a96d,"{""a100"": ""59548314"", ""htzhulab"": ""59548190""}","{""a100"": {""elapsed"": ""00:00:00"", ""end"": ""2026-07-19T15:15:33"", ""exit_code"": ""0:0"", ""job_id"": ""59548314"", ""node"": ""None assigned"", ""partition"": ""a100-gpu"", ""start"": ""None"", ""state"": ""CANCELLED by 397557""}, ""htzhulab"": {""job_id"": ""59548190"", ""partition"": ""htzhulab"", ""reason"": ""g1807htzh01"", ""start_time"": ""2026-07-19T15:15:10"", ""state"": ""RUNNING"", ""time"": ""9:25""}}",NEEDS_MONITOR,monitor running winner candidate htzhulab
2026-07-19T19:25:35.280539+00:00,B1_RACE_TERMINAL,b9c7664da7cb1f1892fff37a4497722f31a0a96d,"{""a100"": ""59548314"", ""htzhulab"": ""59548190""}","{""a100"": {""elapsed"": ""00:00:00"", ""end"": ""2026-07-19T15:15:33"", ""exit_code"": ""0:0"", ""job_id"": ""59548314"", ""node"": ""None assigned"", ""partition"": ""a100-gpu"", ""start"": ""None"", ""state"": ""CANCELLED by 397557""}, ""htzhulab"": {""elapsed"": ""00:10:15"", ""end"": ""2026-07-19T15:25:25"", ""exit_code"": ""0:0"", ""job_id"": ""59548190"", ""node"": ""g1807htzh01"", ""partition"": ""htzhulab"", ""start"": ""2026-07-19T15:15:10"", ""state"": ""COMPLETED""}}",ROUTE_B_ROUND04_B1_ANATOMY_REPAIR_IMPLEMENTED,controller resume B2 if B1 pass; otherwise register global terminal and launch B10
2026-07-19T19:25:37.310425+00:00,CONTROLLER_B1_TO_B2_SUPERVISOR_B1_PASS,b9c7664da7cb1f1892fff37a4497722f31a0a96d,"{""a100"":""59548314"",""htzhulab"":""59548190""}",B1 canonical completion PASS,NEEDS_MONITOR,run exact B2 gate and validations
2026-07-19T19:26:31.715696+00:00,B2_FULL_IMPLEMENTATION_FREEZE_COMPLETE,b9c7664da7cb1f1892fff37a4497722f31a0a96d,"{""a100"":""59548314"",""htzhulab"":""59548190""}","B2 exact gate, validator, and known-bad matrix passed",ROUTE_B_ROUND04_B2_IMPLEMENTATION_GATE_PASSED,controller resume B3/B7 Slurm wave
2026-07-19T19:35:39.286779+00:00,B3_B7_WAVE_SUBMITTED,b9c7664da7cb1f1892fff37a4497722f31a0a96d,"{""B3"": ""59552550"", ""B7"": ""59552549""}",submitted htzhulab only; a100 test-only worse,NEEDS_MONITOR,monitor B3/B7 terminal state
2026-07-19T19:35:39.645870+00:00,B3_B7_WAVE_MONITOR,b9c7664da7cb1f1892fff37a4497722f31a0a96d,"{""B3"": ""59552550"", ""B7"": ""59552549""}","{""B3"": {""job_id"": ""59552550"", ""partition"": ""htzhulab"", ""reason"": ""(Priority)"", ""start_time"": ""2026-07-20T14:15:00"", ""state"": ""PENDING"", ""time"": ""0:00""}, ""B7"": {""job_id"": ""59552549"", ""partition"": ""htzhulab"", ""reason"": ""(Resources)"", ""start_time"": ""2026-07-20T06:10:38"", ""state"": ""PENDING"", ""time"": ""0:00""}}",NEEDS_MONITOR,poll B3/B7 again
2026-07-19T19:38:39.607737+00:00,B3_FALLBACK_CHECK_MAIN_COORDINATOR,b9c7664da7cb1f1892fff37a4497722f31a0a96d,"{""B3_htzhulab"": ""59552550"", ""B7_htzhulab"": ""59552549""}","{""B3_a100_test_only"": ""2026-08-21T22:14:56"", ""B3_htzhulab_current_start"": ""2026-07-19T23:37:17"", ""B3_htzhulab_test_only"": ""2026-07-20T03:37:17"", ""B3_volta_test_only"": ""2026-07-26T10:53:13""}",NO_FALLBACK_SUBMISSION,continue htzhulab B7 running and htzhulab B3 pending; a100/volta predicted later
2026-07-19T19:40:39.707241+00:00,B3_B7_WAVE_MONITOR,b9c7664da7cb1f1892fff37a4497722f31a0a96d,"{""B3"": ""59552550"", ""B7"": ""59552549""}","{""B3"": {""job_id"": ""59552550"", ""partition"": ""htzhulab"", ""reason"": ""(Resources)"", ""start_time"": ""2026-07-19T23:37:17"", ""state"": ""PENDING"", ""time"": ""0:00""}, ""B7"": {""job_id"": ""59552549"", ""partition"": ""htzhulab"", ""reason"": ""g1807htzh01"", ""start_time"": ""2026-07-19T15:37:17"", ""state"": ""RUNNING"", ""time"": ""3:22""}}",NEEDS_MONITOR,poll B3/B7 again
2026-07-19T19:45:01.438502+00:00,B3_PRESTART_MECHANICAL_FIX_AND_SMOKE,b9c7664da7cb1f1892fff37a4497722f31a0a96d,"{""B3"": ""59552550"", ""B7"": ""59552549""}","{""B3_fix_timing"": ""applied while B3 59552550 was still PENDING; later observed RUNNING at 2026-07-19T15:43:23"", ""B3_smoke"": ""/tmp/route_B_round04_B3_smoke completed without traceback; non-formal reduced budget returned expected nonpass"", ""B7_smoke"": ""/tmp/route_B_round04_B7_smoke completed without traceback; non-formal reduced budget returned expected nonpass""}",NEEDS_MONITOR,monitor formal B3/B7 jobs; do not count /tmp smoke as formal evidence
2026-07-19T19:45:39.840149+00:00,B3_B7_WAVE_MONITOR,b9c7664da7cb1f1892fff37a4497722f31a0a96d,"{""B3"": ""59552550"", ""B7"": ""59552549""}","{""B3"": {""job_id"": ""59552550"", ""partition"": ""htzhulab"", ""reason"": ""g180702"", ""start_time"": ""2026-07-19T15:43:23"", ""state"": ""RUNNING"", ""time"": ""2:16""}, ""B7"": {""job_id"": ""59552549"", ""partition"": ""htzhulab"", ""reason"": ""g1807htzh01"", ""start_time"": ""2026-07-19T15:37:17"", ""state"": ""RUNNING"", ""time"": ""8:22""}}",NEEDS_MONITOR,poll B3/B7 again
2026-07-19T19:50:39.898873+00:00,B3_B7_WAVE_MONITOR,b9c7664da7cb1f1892fff37a4497722f31a0a96d,"{""B3"": ""59552550"", ""B7"": ""59552549""}","{""B3"": {""job_id"": ""59552550"", ""partition"": ""htzhulab"", ""reason"": ""g180702"", ""start_time"": ""2026-07-19T15:43:23"", ""state"": ""RUNNING"", ""time"": ""7:16""}, ""B7"": {""job_id"": ""59552549"", ""partition"": ""htzhulab"", ""reason"": ""g1807htzh01"", ""start_time"": ""2026-07-19T15:37:17"", ""state"": ""RUNNING"", ""time"": ""13:22""}}",NEEDS_MONITOR,poll B3/B7 again
2026-07-19T19:55:39.968093+00:00,B3_B7_WAVE_MONITOR,b9c7664da7cb1f1892fff37a4497722f31a0a96d,"{""B3"": ""59552550"", ""B7"": ""59552549""}","{""B3"": {""job_id"": ""59552550"", ""partition"": ""htzhulab"", ""reason"": ""g180702"", ""start_time"": ""2026-07-19T15:43:23"", ""state"": ""RUNNING"", ""time"": ""12:16""}, ""B7"": {""job_id"": ""59552549"", ""partition"": ""htzhulab"", ""reason"": ""g1807htzh01"", ""start_time"": ""2026-07-19T15:37:17"", ""state"": ""RUNNING"", ""time"": ""18:22""}}",NEEDS_MONITOR,poll B3/B7 again
2026-07-19T20:00:40.087472+00:00,B3_B7_WAVE_MONITOR,b9c7664da7cb1f1892fff37a4497722f31a0a96d,"{""B3"": ""59552550"", ""B7"": ""59552549""}","{""B3"": {""job_id"": ""59552550"", ""partition"": ""htzhulab"", ""reason"": ""g180702"", ""start_time"": ""2026-07-19T15:43:23"", ""state"": ""RUNNING"", ""time"": ""17:17""}, ""B7"": {""job_id"": ""59552549"", ""partition"": ""htzhulab"", ""reason"": ""g1807htzh01"", ""start_time"": ""2026-07-19T15:37:17"", ""state"": ""RUNNING"", ""time"": ""23:23""}}",NEEDS_MONITOR,poll B3/B7 again
2026-07-19T20:05:40.147578+00:00,B3_B7_WAVE_MONITOR,b9c7664da7cb1f1892fff37a4497722f31a0a96d,"{""B3"": ""59552550"", ""B7"": ""59552549""}","{""B3"": {""job_id"": ""59552550"", ""partition"": ""htzhulab"", ""reason"": ""g180702"", ""start_time"": ""2026-07-19T15:43:23"", ""state"": ""RUNNING"", ""time"": ""22:17""}, ""B7"": {""job_id"": ""59552549"", ""partition"": ""htzhulab"", ""reason"": ""g1807htzh01"", ""start_time"": ""2026-07-19T15:37:17"", ""state"": ""RUNNING"", ""time"": ""28:23""}}",NEEDS_MONITOR,poll B3/B7 again
2026-07-19T20:10:40.552480+00:00,B3_B7_WAVE_MONITOR,b9c7664da7cb1f1892fff37a4497722f31a0a96d,"{""B3"": ""59552550"", ""B7"": ""59552549""}","{""B3"": {""job_id"": ""59552550"", ""partition"": ""htzhulab"", ""reason"": ""g180702"", ""start_time"": ""2026-07-19T15:43:23"", ""state"": ""RUNNING"", ""time"": ""27:17""}, ""B7"": {""job_id"": ""59552549"", ""partition"": ""htzhulab"", ""reason"": ""g1807htzh01"", ""start_time"": ""2026-07-19T15:37:17"", ""state"": ""RUNNING"", ""time"": ""33:23""}}",NEEDS_MONITOR,poll B3/B7 again
2026-07-19T20:15:40.662282+00:00,B3_B7_WAVE_MONITOR,b9c7664da7cb1f1892fff37a4497722f31a0a96d,"{""B3"": ""59552550"", ""B7"": ""59552549""}","{""B3"": {""elapsed"": ""00:31:51"", ""end"": ""2026-07-19T16:15:14"", ""exit_code"": ""0:0"", ""job_id"": ""59552550"", ""node"": ""g180702"", ""partition"": ""htzhulab"", ""start"": ""2026-07-19T15:43:23"", ""state"": ""COMPLETED""}, ""B7"": {""job_id"": ""59552549"", ""partition"": ""htzhulab"", ""reason"": ""g1807htzh01"", ""start_time"": ""2026-07-19T15:37:17"", ""state"": ""RUNNING"", ""time"": ""38:23""}}",NEEDS_MONITOR,poll B3/B7 again
2026-07-19T20:20:41.712327+00:00,B3_B7_WAVE_MONITOR,b9c7664da7cb1f1892fff37a4497722f31a0a96d,"{""B3"": ""59552550"", ""B7"": ""59552549""}","{""B3"": {""elapsed"": ""00:31:51"", ""end"": ""2026-07-19T16:15:14"", ""exit_code"": ""0:0"", ""job_id"": ""59552550"", ""node"": ""g180702"", ""partition"": ""htzhulab"", ""start"": ""2026-07-19T15:43:23"", ""state"": ""COMPLETED""}, ""B7"": {""job_id"": ""59552549"", ""partition"": ""htzhulab"", ""reason"": ""g1807htzh01"", ""start_time"": ""2026-07-19T15:37:17"", ""state"": ""RUNNING"", ""time"": ""43:24""}}",NEEDS_MONITOR,poll B3/B7 again
2026-07-19T20:21:31.648278+00:00,B4_SUBMITTED,b9c7664da7cb1f1892fff37a4497722f31a0a96d,"{""B4"": ""59554239""}",submitted htzhulab only; a100 test-only worse,NEEDS_MONITOR,monitor B4 terminal state
2026-07-19T20:21:31.676883+00:00,B4_MONITOR,b9c7664da7cb1f1892fff37a4497722f31a0a96d,"{""B4"": ""59554239""}","{""job_id"": ""59554239"", ""partition"": ""htzhulab"", ""reason"": ""g180702"", ""start_time"": ""2026-07-19T16:20:43"", ""state"": ""RUNNING"", ""time"": ""0:48""}",NEEDS_MONITOR,poll B4 again
2026-07-19T20:25:41.773094+00:00,B3_B7_WAVE_MONITOR,b9c7664da7cb1f1892fff37a4497722f31a0a96d,"{""B3"": ""59552550"", ""B7"": ""59552549""}","{""B3"": {""elapsed"": ""00:31:51"", ""end"": ""2026-07-19T16:15:14"", ""exit_code"": ""0:0"", ""job_id"": ""59552550"", ""node"": ""g180702"", ""partition"": ""htzhulab"", ""start"": ""2026-07-19T15:43:23"", ""state"": ""COMPLETED""}, ""B7"": {""job_id"": ""59552549"", ""partition"": ""htzhulab"", ""reason"": ""g1807htzh01"", ""start_time"": ""2026-07-19T15:37:17"", ""state"": ""RUNNING"", ""time"": ""48:24""}}",NEEDS_MONITOR,poll B3/B7 again
2026-07-19T20:26:31.712134+00:00,B4_MONITOR,b9c7664da7cb1f1892fff37a4497722f31a0a96d,"{""B4"": ""59554239""}","{""job_id"": ""59554239"", ""partition"": ""htzhulab"", ""reason"": ""g180702"", ""start_time"": ""2026-07-19T16:20:43"", ""state"": ""RUNNING"", ""time"": ""5:48""}",NEEDS_MONITOR,poll B4 again
2026-07-19T20:30:41.848738+00:00,B3_B7_WAVE_MONITOR,b9c7664da7cb1f1892fff37a4497722f31a0a96d,"{""B3"": ""59552550"", ""B7"": ""59552549""}","{""B3"": {""elapsed"": ""00:31:51"", ""end"": ""2026-07-19T16:15:14"", ""exit_code"": ""0:0"", ""job_id"": ""59552550"", ""node"": ""g180702"", ""partition"": ""htzhulab"", ""start"": ""2026-07-19T15:43:23"", ""state"": ""COMPLETED""}, ""B7"": {""job_id"": ""59552549"", ""partition"": ""htzhulab"", ""reason"": ""g1807htzh01"", ""start_time"": ""2026-07-19T15:37:17"", ""state"": ""RUNNING"", ""time"": ""53:24""}}",NEEDS_MONITOR,poll B3/B7 again
2026-07-19T20:31:31.778125+00:00,B4_MONITOR,b9c7664da7cb1f1892fff37a4497722f31a0a96d,"{""B4"": ""59554239""}","{""job_id"": ""59554239"", ""partition"": ""htzhulab"", ""reason"": ""g180702"", ""start_time"": ""2026-07-19T16:20:43"", ""state"": ""RUNNING"", ""time"": ""10:48""}",NEEDS_MONITOR,poll B4 again
2026-07-19T20:35:41.926116+00:00,B3_B7_WAVE_MONITOR,b9c7664da7cb1f1892fff37a4497722f31a0a96d,"{""B3"": ""59552550"", ""B7"": ""59552549""}","{""B3"": {""elapsed"": ""00:31:51"", ""end"": ""2026-07-19T16:15:14"", ""exit_code"": ""0:0"", ""job_id"": ""59552550"", ""node"": ""g180702"", ""partition"": ""htzhulab"", ""start"": ""2026-07-19T15:43:23"", ""state"": ""COMPLETED""}, ""B7"": {""job_id"": ""59552549"", ""partition"": ""htzhulab"", ""reason"": ""g1807htzh01"", ""start_time"": ""2026-07-19T15:37:17"", ""state"": ""RUNNING"", ""time"": ""58:24""}}",NEEDS_MONITOR,poll B3/B7 again
2026-07-19T20:36:31.818979+00:00,B4_MONITOR,b9c7664da7cb1f1892fff37a4497722f31a0a96d,"{""B4"": ""59554239""}","{""job_id"": ""59554239"", ""partition"": ""htzhulab"", ""reason"": ""g180702"", ""start_time"": ""2026-07-19T16:20:43"", ""state"": ""RUNNING"", ""time"": ""15:48""}",NEEDS_MONITOR,poll B4 again
2026-07-19T20:40:42.841951+00:00,B3_B7_WAVE_MONITOR,b9c7664da7cb1f1892fff37a4497722f31a0a96d,"{""B3"": ""59552550"", ""B7"": ""59552549""}","{""B3"": {""elapsed"": ""00:31:51"", ""end"": ""2026-07-19T16:15:14"", ""exit_code"": ""0:0"", ""job_id"": ""59552550"", ""node"": ""g180702"", ""partition"": ""htzhulab"", ""start"": ""2026-07-19T15:43:23"", ""state"": ""COMPLETED""}, ""B7"": {""job_id"": ""59552549"", ""partition"": ""htzhulab"", ""reason"": ""g1807htzh01"", ""start_time"": ""2026-07-19T15:37:17"", ""state"": ""RUNNING"", ""time"": ""1:03:25""}}",NEEDS_MONITOR,poll B3/B7 again
2026-07-19T20:41:31.857120+00:00,B4_MONITOR,b9c7664da7cb1f1892fff37a4497722f31a0a96d,"{""B4"": ""59554239""}","{""job_id"": ""59554239"", ""partition"": ""htzhulab"", ""reason"": ""g180702"", ""start_time"": ""2026-07-19T16:20:43"", ""state"": ""RUNNING"", ""time"": ""20:48""}",NEEDS_MONITOR,poll B4 again
2026-07-19T20:45:42.913027+00:00,B3_B7_WAVE_MONITOR,b9c7664da7cb1f1892fff37a4497722f31a0a96d,"{""B3"": ""59552550"", ""B7"": ""59552549""}","{""B3"": {""elapsed"": ""00:31:51"", ""end"": ""2026-07-19T16:15:14"", ""exit_code"": ""0:0"", ""job_id"": ""59552550"", ""node"": ""g180702"", ""partition"": ""htzhulab"", ""start"": ""2026-07-19T15:43:23"", ""state"": ""COMPLETED""}, ""B7"": {""job_id"": ""59552549"", ""partition"": ""htzhulab"", ""reason"": ""g1807htzh01"", ""start_time"": ""2026-07-19T15:37:17"", ""state"": ""RUNNING"", ""time"": ""1:08:25""}}",NEEDS_MONITOR,poll B3/B7 again
2026-07-19T20:46:31.891052+00:00,B4_MONITOR,b9c7664da7cb1f1892fff37a4497722f31a0a96d,"{""B4"": ""59554239""}","{""job_id"": ""59554239"", ""partition"": ""htzhulab"", ""reason"": ""g180702"", ""start_time"": ""2026-07-19T16:20:43"", ""state"": ""RUNNING"", ""time"": ""25:48""}",NEEDS_MONITOR,poll B4 again
2026-07-19T20:50:42.998075+00:00,B3_B7_WAVE_MONITOR,b9c7664da7cb1f1892fff37a4497722f31a0a96d,"{""B3"": ""59552550"", ""B7"": ""59552549""}","{""B3"": {""elapsed"": ""00:31:51"", ""end"": ""2026-07-19T16:15:14"", ""exit_code"": ""0:0"", ""job_id"": ""59552550"", ""node"": ""g180702"", ""partition"": ""htzhulab"", ""start"": ""2026-07-19T15:43:23"", ""state"": ""COMPLETED""}, ""B7"": {""job_id"": ""59552549"", ""partition"": ""htzhulab"", ""reason"": ""g1807htzh01"", ""start_time"": ""2026-07-19T15:37:17"", ""state"": ""RUNNING"", ""time"": ""1:13:25""}}",NEEDS_MONITOR,poll B3/B7 again
2026-07-19T20:51:31.939462+00:00,B4_MONITOR,b9c7664da7cb1f1892fff37a4497722f31a0a96d,"{""B4"": ""59554239""}","{""job_id"": ""59554239"", ""partition"": ""htzhulab"", ""reason"": ""g180702"", ""start_time"": ""2026-07-19T16:20:43"", ""state"": ""RUNNING"", ""time"": ""30:48""}",NEEDS_MONITOR,poll B4 again
2026-07-19T20:55:43.092035+00:00,B3_B7_WAVE_MONITOR,b9c7664da7cb1f1892fff37a4497722f31a0a96d,"{""B3"": ""59552550"", ""B7"": ""59552549""}","{""B3"": {""elapsed"": ""00:31:51"", ""end"": ""2026-07-19T16:15:14"", ""exit_code"": ""0:0"", ""job_id"": ""59552550"", ""node"": ""g180702"", ""partition"": ""htzhulab"", ""start"": ""2026-07-19T15:43:23"", ""state"": ""COMPLETED""}, ""B7"": {""job_id"": ""59552549"", ""partition"": ""htzhulab"", ""reason"": ""g1807htzh01"", ""start_time"": ""2026-07-19T15:37:17"", ""state"": ""RUNNING"", ""time"": ""1:18:26""}}",NEEDS_MONITOR,poll B3/B7 again
2026-07-19T20:56:31.981322+00:00,B4_MONITOR,b9c7664da7cb1f1892fff37a4497722f31a0a96d,"{""B4"": ""59554239""}","{""job_id"": ""59554239"", ""partition"": ""htzhulab"", ""reason"": ""g180702"", ""start_time"": ""2026-07-19T16:20:43"", ""state"": ""RUNNING"", ""time"": ""35:48""}",NEEDS_MONITOR,poll B4 again
2026-07-19T21:00:43.173161+00:00,B3_B7_WAVE_MONITOR,b9c7664da7cb1f1892fff37a4497722f31a0a96d,"{""B3"": ""59552550"", ""B7"": ""59552549""}","{""B3"": {""elapsed"": ""00:31:51"", ""end"": ""2026-07-19T16:15:14"", ""exit_code"": ""0:0"", ""job_id"": ""59552550"", ""node"": ""g180702"", ""partition"": ""htzhulab"", ""start"": ""2026-07-19T15:43:23"", ""state"": ""COMPLETED""}, ""B7"": {""job_id"": ""59552549"", ""partition"": ""htzhulab"", ""reason"": ""g1807htzh01"", ""start_time"": ""2026-07-19T15:37:17"", ""state"": ""RUNNING"", ""time"": ""1:23:26""}}",NEEDS_MONITOR,poll B3/B7 again
2026-07-19T21:01:32.036949+00:00,B4_TERMINAL,b9c7664da7cb1f1892fff37a4497722f31a0a96d,"{""B4"": ""59554239""}","{""elapsed"": ""00:40:31"", ""end"": ""2026-07-19T17:01:14"", ""exit_code"": ""0:0"", ""job_id"": ""59554239"", ""node"": ""g180702"", ""partition"": ""htzhulab"", ""start"": ""2026-07-19T16:20:43"", ""state"": ""COMPLETED""}",B4_PASS,controller resume B5 if B4 pass; otherwise classify MyoPS lane terminal
2026-07-19T21:05:43.897069+00:00,B3_B7_WAVE_MONITOR,b9c7664da7cb1f1892fff37a4497722f31a0a96d,"{""B3"": ""59552550"", ""B7"": ""59552549""}","{""B3"": {""elapsed"": ""00:31:51"", ""end"": ""2026-07-19T16:15:14"", ""exit_code"": ""0:0"", ""job_id"": ""59552550"", ""node"": ""g180702"", ""partition"": ""htzhulab"", ""start"": ""2026-07-19T15:43:23"", ""state"": ""COMPLETED""}, ""B7"": {""job_id"": ""59552549"", ""partition"": ""htzhulab"", ""reason"": ""g1807htzh01"", ""start_time"": ""2026-07-19T15:37:17"", ""state"": ""RUNNING"", ""time"": ""1:28:26""}}",NEEDS_MONITOR,poll B3/B7 again
2026-07-19T21:10:43.983246+00:00,B3_B7_WAVE_MONITOR,b9c7664da7cb1f1892fff37a4497722f31a0a96d,"{""B3"": ""59552550"", ""B7"": ""59552549""}","{""B3"": {""elapsed"": ""00:31:51"", ""end"": ""2026-07-19T16:15:14"", ""exit_code"": ""0:0"", ""job_id"": ""59552550"", ""node"": ""g180702"", ""partition"": ""htzhulab"", ""start"": ""2026-07-19T15:43:23"", ""state"": ""COMPLETED""}, ""B7"": {""job_id"": ""59552549"", ""partition"": ""htzhulab"", ""reason"": ""g1807htzh01"", ""start_time"": ""2026-07-19T15:37:17"", ""state"": ""RUNNING"", ""time"": ""1:33:26""}}",NEEDS_MONITOR,poll B3/B7 again
2026-07-19T21:15:39.350894+00:00,B5_SUBMITTED,b9c7664da7cb1f1892fff37a4497722f31a0a96d,"{""B5"": ""59560352""}",submitted htzhulab only; a100 test-only worse,NEEDS_MONITOR,monitor B5 terminal state
2026-07-19T21:15:39.390252+00:00,B5_MONITOR,b9c7664da7cb1f1892fff37a4497722f31a0a96d,"{""B5"": ""59560352""}","{""job_id"": ""59560352"", ""partition"": ""htzhulab"", ""reason"": ""g180702"", ""start_time"": ""2026-07-19T17:14:42"", ""state"": ""RUNNING"", ""time"": ""0:57""}",NEEDS_MONITOR,poll B5 again
2026-07-19T21:15:44.052504+00:00,B3_B7_WAVE_MONITOR,b9c7664da7cb1f1892fff37a4497722f31a0a96d,"{""B3"": ""59552550"", ""B7"": ""59552549""}","{""B3"": {""elapsed"": ""00:31:51"", ""end"": ""2026-07-19T16:15:14"", ""exit_code"": ""0:0"", ""job_id"": ""59552550"", ""node"": ""g180702"", ""partition"": ""htzhulab"", ""start"": ""2026-07-19T15:43:23"", ""state"": ""COMPLETED""}, ""B7"": {""job_id"": ""59552549"", ""partition"": ""htzhulab"", ""reason"": ""g1807htzh01"", ""start_time"": ""2026-07-19T15:37:17"", ""state"": ""RUNNING"", ""time"": ""1:38:27""}}",NEEDS_MONITOR,poll B3/B7 again
2026-07-19T21:20:39.430341+00:00,B5_MONITOR,b9c7664da7cb1f1892fff37a4497722f31a0a96d,"{""B5"": ""59560352""}","{""job_id"": ""59560352"", ""partition"": ""htzhulab"", ""reason"": ""g180702"", ""start_time"": ""2026-07-19T17:14:42"", ""state"": ""RUNNING"", ""time"": ""5:57""}",NEEDS_MONITOR,poll B5 again
2026-07-19T21:20:44.123585+00:00,B3_B7_WAVE_MONITOR,b9c7664da7cb1f1892fff37a4497722f31a0a96d,"{""B3"": ""59552550"", ""B7"": ""59552549""}","{""B3"": {""elapsed"": ""00:31:51"", ""end"": ""2026-07-19T16:15:14"", ""exit_code"": ""0:0"", ""job_id"": ""59552550"", ""node"": ""g180702"", ""partition"": ""htzhulab"", ""start"": ""2026-07-19T15:43:23"", ""state"": ""COMPLETED""}, ""B7"": {""job_id"": ""59552549"", ""partition"": ""htzhulab"", ""reason"": ""g1807htzh01"", ""start_time"": ""2026-07-19T15:37:17"", ""state"": ""RUNNING"", ""time"": ""1:43:27""}}",NEEDS_MONITOR,poll B3/B7 again
2026-07-19T21:25:39.471725+00:00,B5_MONITOR,b9c7664da7cb1f1892fff37a4497722f31a0a96d,"{""B5"": ""59560352""}","{""job_id"": ""59560352"", ""partition"": ""htzhulab"", ""reason"": ""g180702"", ""start_time"": ""2026-07-19T17:14:42"", ""state"": ""RUNNING"", ""time"": ""10:57""}",NEEDS_MONITOR,poll B5 again
2026-07-19T21:25:44.199929+00:00,B3_B7_WAVE_MONITOR,b9c7664da7cb1f1892fff37a4497722f31a0a96d,"{""B3"": ""59552550"", ""B7"": ""59552549""}","{""B3"": {""elapsed"": ""00:31:51"", ""end"": ""2026-07-19T16:15:14"", ""exit_code"": ""0:0"", ""job_id"": ""59552550"", ""node"": ""g180702"", ""partition"": ""htzhulab"", ""start"": ""2026-07-19T15:43:23"", ""state"": ""COMPLETED""}, ""B7"": {""job_id"": ""59552549"", ""partition"": ""htzhulab"", ""reason"": ""g1807htzh01"", ""start_time"": ""2026-07-19T15:37:17"", ""state"": ""RUNNING"", ""time"": ""1:48:27""}}",NEEDS_MONITOR,poll B3/B7 again
2026-07-19T21:30:39.529421+00:00,B5_MONITOR,b9c7664da7cb1f1892fff37a4497722f31a0a96d,"{""B5"": ""59560352""}","{""job_id"": ""59560352"", ""partition"": ""htzhulab"", ""reason"": ""g180702"", ""start_time"": ""2026-07-19T17:14:42"", ""state"": ""RUNNING"", ""time"": ""15:57""}",NEEDS_MONITOR,poll B5 again
2026-07-19T21:30:45.124922+00:00,B3_B7_WAVE_MONITOR,b9c7664da7cb1f1892fff37a4497722f31a0a96d,"{""B3"": ""59552550"", ""B7"": ""59552549""}","{""B3"": {""elapsed"": ""00:31:51"", ""end"": ""2026-07-19T16:15:14"", ""exit_code"": ""0:0"", ""job_id"": ""59552550"", ""node"": ""g180702"", ""partition"": ""htzhulab"", ""start"": ""2026-07-19T15:43:23"", ""state"": ""COMPLETED""}, ""B7"": {""job_id"": ""59552549"", ""partition"": ""htzhulab"", ""reason"": ""g1807htzh01"", ""start_time"": ""2026-07-19T15:37:17"", ""state"": ""RUNNING"", ""time"": ""1:53:28""}}",NEEDS_MONITOR,poll B3/B7 again
2026-07-19T21:35:39.680312+00:00,B5_MONITOR,b9c7664da7cb1f1892fff37a4497722f31a0a96d,"{""B5"": ""59560352""}","{""job_id"": ""59560352"", ""partition"": ""htzhulab"", ""reason"": ""g180702"", ""start_time"": ""2026-07-19T17:14:42"", ""state"": ""RUNNING"", ""time"": ""20:57""}",NEEDS_MONITOR,poll B5 again
2026-07-19T21:35:45.202654+00:00,B3_B7_WAVE_MONITOR,b9c7664da7cb1f1892fff37a4497722f31a0a96d,"{""B3"": ""59552550"", ""B7"": ""59552549""}","{""B3"": {""elapsed"": ""00:31:51"", ""end"": ""2026-07-19T16:15:14"", ""exit_code"": ""0:0"", ""job_id"": ""59552550"", ""node"": ""g180702"", ""partition"": ""htzhulab"", ""start"": ""2026-07-19T15:43:23"", ""state"": ""COMPLETED""}, ""B7"": {""job_id"": ""59552549"", ""partition"": ""htzhulab"", ""reason"": ""g1807htzh01"", ""start_time"": ""2026-07-19T15:37:17"", ""state"": ""RUNNING"", ""time"": ""1:58:28""}}",NEEDS_MONITOR,poll B3/B7 again
2026-07-19T21:40:39.772049+00:00,B5_MONITOR,b9c7664da7cb1f1892fff37a4497722f31a0a96d,"{""B5"": ""59560352""}","{""job_id"": ""59560352"", ""partition"": ""htzhulab"", ""reason"": ""g180702"", ""start_time"": ""2026-07-19T17:14:42"", ""state"": ""RUNNING"", ""time"": ""25:57""}",NEEDS_MONITOR,poll B5 again
2026-07-19T21:40:45.335026+00:00,B3_B7_WAVE_TERMINAL,b9c7664da7cb1f1892fff37a4497722f31a0a96d,"{""B3"": ""59552550"", ""B7"": ""59552549""}","{""B3"": {""elapsed"": ""00:31:51"", ""end"": ""2026-07-19T16:15:14"", ""exit_code"": ""0:0"", ""job_id"": ""59552550"", ""node"": ""g180702"", ""partition"": ""htzhulab"", ""start"": ""2026-07-19T15:43:23"", ""state"": ""COMPLETED""}, ""B7"": {""elapsed"": ""02:02:44"", ""end"": ""2026-07-19T17:40:01"", ""exit_code"": ""0:0"", ""job_id"": ""59552549"", ""node"": ""g1807htzh01"", ""partition"": ""htzhulab"", ""start"": ""2026-07-19T15:37:17"", ""state"": ""COMPLETED""}}",B3_B7_WAVE_TERMINAL_PASS,controller resume B4/B8 if pass; otherwise classify lane terminal
2026-07-19T21:45:39.819660+00:00,B5_MONITOR,b9c7664da7cb1f1892fff37a4497722f31a0a96d,"{""B5"": ""59560352""}","{""job_id"": ""59560352"", ""partition"": ""htzhulab"", ""reason"": ""g180702"", ""start_time"": ""2026-07-19T17:14:42"", ""state"": ""RUNNING"", ""time"": ""30:57""}",NEEDS_MONITOR,poll B5 again
2026-07-19T21:50:39.873787+00:00,B5_MONITOR,b9c7664da7cb1f1892fff37a4497722f31a0a96d,"{""B5"": ""59560352""}","{""job_id"": ""59560352"", ""partition"": ""htzhulab"", ""reason"": ""g180702"", ""start_time"": ""2026-07-19T17:14:42"", ""state"": ""RUNNING"", ""time"": ""35:57""}",NEEDS_MONITOR,poll B5 again
2026-07-19T21:51:57.723715+00:00,B8_SUBMITTED,b9c7664da7cb1f1892fff37a4497722f31a0a96d,"{""B8"": ""59562056""}",submitted htzhulab only; a100 test-only much worse,NEEDS_MONITOR,monitor B8 terminal state
2026-07-19T21:51:57.767044+00:00,B8_MONITOR,b9c7664da7cb1f1892fff37a4497722f31a0a96d,"{""B8"": ""59562056""}","{""job_id"": ""59562056"", ""partition"": ""htzhulab"", ""reason"": ""g1807htzh01"", ""start_time"": ""2026-07-19T17:50:57"", ""state"": ""RUNNING"", ""time"": ""1:00""}",NEEDS_MONITOR,poll B8 again
2026-07-19T21:55:39.959786+00:00,B5_MONITOR,b9c7664da7cb1f1892fff37a4497722f31a0a96d,"{""B5"": ""59560352""}","{""job_id"": ""59560352"", ""partition"": ""htzhulab"", ""reason"": ""g180702"", ""start_time"": ""2026-07-19T17:14:42"", ""state"": ""RUNNING"", ""time"": ""40:57""}",NEEDS_MONITOR,poll B5 again
2026-07-19T21:56:57.809380+00:00,B8_MONITOR,b9c7664da7cb1f1892fff37a4497722f31a0a96d,"{""B8"": ""59562056""}","{""job_id"": ""59562056"", ""partition"": ""htzhulab"", ""reason"": ""g1807htzh01"", ""start_time"": ""2026-07-19T17:50:57"", ""state"": ""RUNNING"", ""time"": ""6:00""}",NEEDS_MONITOR,poll B8 again
2026-07-19T22:00:40.011251+00:00,B5_MONITOR,b9c7664da7cb1f1892fff37a4497722f31a0a96d,"{""B5"": ""59560352""}","{""job_id"": ""59560352"", ""partition"": ""htzhulab"", ""reason"": ""g180702"", ""start_time"": ""2026-07-19T17:14:42"", ""state"": ""RUNNING"", ""time"": ""45:58""}",NEEDS_MONITOR,poll B5 again
2026-07-19T22:01:57.850608+00:00,B8_MONITOR,b9c7664da7cb1f1892fff37a4497722f31a0a96d,"{""B8"": ""59562056""}","{""job_id"": ""59562056"", ""partition"": ""htzhulab"", ""reason"": ""g1807htzh01"", ""start_time"": ""2026-07-19T17:50:57"", ""state"": ""RUNNING"", ""time"": ""11:00""}",NEEDS_MONITOR,poll B8 again
2026-07-19T22:05:40.076323+00:00,B5_TERMINAL,b9c7664da7cb1f1892fff37a4497722f31a0a96d,"{""B5"": ""59560352""}","{""elapsed"": ""00:50:43"", ""end"": ""2026-07-19T18:05:25"", ""exit_code"": ""0:0"", ""job_id"": ""59560352"", ""node"": ""g180702"", ""partition"": ""htzhulab"", ""start"": ""2026-07-19T17:14:42"", ""state"": ""COMPLETED""}",B5_PASS,controller resume B6 if B5 pass; otherwise classify MyoPS lane terminal
2026-07-19T22:06:57.903205+00:00,B8_MONITOR,b9c7664da7cb1f1892fff37a4497722f31a0a96d,"{""B8"": ""59562056""}","{""job_id"": ""59562056"", ""partition"": ""htzhulab"", ""reason"": ""g1807htzh01"", ""start_time"": ""2026-07-19T17:50:57"", ""state"": ""RUNNING"", ""time"": ""16:00""}",NEEDS_MONITOR,poll B8 again
2026-07-19T22:11:57.959786+00:00,B8_MONITOR,b9c7664da7cb1f1892fff37a4497722f31a0a96d,"{""B8"": ""59562056""}","{""job_id"": ""59562056"", ""partition"": ""htzhulab"", ""reason"": ""g1807htzh01"", ""start_time"": ""2026-07-19T17:50:57"", ""state"": ""RUNNING"", ""time"": ""21:00""}",NEEDS_MONITOR,poll B8 again
2026-07-19T22:16:58.380609+00:00,B8_MONITOR,b9c7664da7cb1f1892fff37a4497722f31a0a96d,"{""B8"": ""59562056""}","{""job_id"": ""59562056"", ""partition"": ""htzhulab"", ""reason"": ""g1807htzh01"", ""start_time"": ""2026-07-19T17:50:57"", ""state"": ""RUNNING"", ""time"": ""26:01""}",NEEDS_MONITOR,poll B8 again
2026-07-19T22:21:58.422448+00:00,B8_MONITOR,b9c7664da7cb1f1892fff37a4497722f31a0a96d,"{""B8"": ""59562056""}","{""job_id"": ""59562056"", ""partition"": ""htzhulab"", ""reason"": ""g1807htzh01"", ""start_time"": ""2026-07-19T17:50:57"", ""state"": ""RUNNING"", ""time"": ""31:01""}",NEEDS_MONITOR,poll B8 again
2026-07-19T22:26:58.461214+00:00,B8_MONITOR,b9c7664da7cb1f1892fff37a4497722f31a0a96d,"{""B8"": ""59562056""}","{""job_id"": ""59562056"", ""partition"": ""htzhulab"", ""reason"": ""g1807htzh01"", ""start_time"": ""2026-07-19T17:50:57"", ""state"": ""RUNNING"", ""time"": ""36:01""}",NEEDS_MONITOR,poll B8 again
2026-07-19T22:31:59.803764+00:00,B8_MONITOR,b9c7664da7cb1f1892fff37a4497722f31a0a96d,"{""B8"": ""59562056""}","{""job_id"": ""59562056"", ""partition"": ""htzhulab"", ""reason"": ""g1807htzh01"", ""start_time"": ""2026-07-19T17:50:57"", ""state"": ""RUNNING"", ""time"": ""41:02""}",NEEDS_MONITOR,poll B8 again
2026-07-19T22:36:59.951128+00:00,B8_MONITOR,b9c7664da7cb1f1892fff37a4497722f31a0a96d,"{""B8"": ""59562056""}","{""job_id"": ""59562056"", ""partition"": ""htzhulab"", ""reason"": ""g1807htzh01"", ""start_time"": ""2026-07-19T17:50:57"", ""state"": ""RUNNING"", ""time"": ""46:02""}",NEEDS_MONITOR,poll B8 again
2026-07-19T22:41:59.985806+00:00,B8_MONITOR,b9c7664da7cb1f1892fff37a4497722f31a0a96d,"{""B8"": ""59562056""}","{""job_id"": ""59562056"", ""partition"": ""htzhulab"", ""reason"": ""g1807htzh01"", ""start_time"": ""2026-07-19T17:50:57"", ""state"": ""RUNNING"", ""time"": ""51:02""}",NEEDS_MONITOR,poll B8 again
2026-07-19T22:47:00.020444+00:00,B8_MONITOR,b9c7664da7cb1f1892fff37a4497722f31a0a96d,"{""B8"": ""59562056""}","{""job_id"": ""59562056"", ""partition"": ""htzhulab"", ""reason"": ""g1807htzh01"", ""start_time"": ""2026-07-19T17:50:57"", ""state"": ""RUNNING"", ""time"": ""56:03""}",NEEDS_MONITOR,poll B8 again
2026-07-19T22:48:08.960048+00:00,B8_WATCHER_RESTART,b9c7664da7cb1f1892fff37a4497722f31a0a96d,"{""B8"": ""59562056""}",watcher restarted after B5 pass/context correction,NEEDS_MONITOR,monitor existing B8 job
2026-07-19T22:48:08.989901+00:00,B8_MONITOR,b9c7664da7cb1f1892fff37a4497722f31a0a96d,"{""B8"": ""59562056""}","{""job_id"": ""59562056"", ""partition"": ""htzhulab"", ""reason"": ""g1807htzh01"", ""start_time"": ""2026-07-19T17:50:57"", ""state"": ""RUNNING"", ""time"": ""57:11""}",NEEDS_MONITOR,poll B8 again
2026-07-19T22:53:09.023938+00:00,B8_MONITOR,b9c7664da7cb1f1892fff37a4497722f31a0a96d,"{""B8"": ""59562056""}","{""job_id"": ""59562056"", ""partition"": ""htzhulab"", ""reason"": ""g1807htzh01"", ""start_time"": ""2026-07-19T17:50:57"", ""state"": ""RUNNING"", ""time"": ""1:02:12""}",NEEDS_MONITOR,poll B8 again
2026-07-19T22:58:09.065119+00:00,B8_MONITOR,b9c7664da7cb1f1892fff37a4497722f31a0a96d,"{""B8"": ""59562056""}","{""job_id"": ""59562056"", ""partition"": ""htzhulab"", ""reason"": ""g1807htzh01"", ""start_time"": ""2026-07-19T17:50:57"", ""state"": ""RUNNING"", ""time"": ""1:07:12""}",NEEDS_MONITOR,poll B8 again
2026-07-19T23:03:09.102748+00:00,B8_MONITOR,b9c7664da7cb1f1892fff37a4497722f31a0a96d,"{""B8"": ""59562056""}","{""job_id"": ""59562056"", ""partition"": ""htzhulab"", ""reason"": ""g1807htzh01"", ""start_time"": ""2026-07-19T17:50:57"", ""state"": ""RUNNING"", ""time"": ""1:12:12""}",NEEDS_MONITOR,poll B8 again
2026-07-19T23:08:09.140632+00:00,B8_MONITOR,b9c7664da7cb1f1892fff37a4497722f31a0a96d,"{""B8"": ""59562056""}","{""job_id"": ""59562056"", ""partition"": ""htzhulab"", ""reason"": ""g1807htzh01"", ""start_time"": ""2026-07-19T17:50:57"", ""state"": ""RUNNING"", ""time"": ""1:17:12""}",NEEDS_MONITOR,poll B8 again
2026-07-19T23:13:09.191536+00:00,B8_MONITOR,b9c7664da7cb1f1892fff37a4497722f31a0a96d,"{""B8"": ""59562056""}","{""job_id"": ""59562056"", ""partition"": ""htzhulab"", ""reason"": ""g1807htzh01"", ""start_time"": ""2026-07-19T17:50:57"", ""state"": ""RUNNING"", ""time"": ""1:22:12""}",NEEDS_MONITOR,poll B8 again
2026-07-19T23:18:09.254616+00:00,B8_MONITOR,b9c7664da7cb1f1892fff37a4497722f31a0a96d,"{""B8"": ""59562056""}","{""job_id"": ""59562056"", ""partition"": ""htzhulab"", ""reason"": ""g1807htzh01"", ""start_time"": ""2026-07-19T17:50:57"", ""state"": ""RUNNING"", ""time"": ""1:27:12""}",NEEDS_MONITOR,poll B8 again
2026-07-19T23:23:09.297269+00:00,B8_MONITOR,b9c7664da7cb1f1892fff37a4497722f31a0a96d,"{""B8"": ""59562056""}","{""job_id"": ""59562056"", ""partition"": ""htzhulab"", ""reason"": ""g1807htzh01"", ""start_time"": ""2026-07-19T17:50:57"", ""state"": ""RUNNING"", ""time"": ""1:32:12""}",NEEDS_MONITOR,poll B8 again
2026-07-19T23:28:09.349401+00:00,B8_MONITOR,b9c7664da7cb1f1892fff37a4497722f31a0a96d,"{""B8"": ""59562056""}","{""job_id"": ""59562056"", ""partition"": ""htzhulab"", ""reason"": ""g1807htzh01"", ""start_time"": ""2026-07-19T17:50:57"", ""state"": ""RUNNING"", ""time"": ""1:37:12""}",NEEDS_MONITOR,poll B8 again
2026-07-19T23:33:09.395515+00:00,B8_MONITOR,b9c7664da7cb1f1892fff37a4497722f31a0a96d,"{""B8"": ""59562056""}","{""job_id"": ""59562056"", ""partition"": ""htzhulab"", ""reason"": ""g1807htzh01"", ""start_time"": ""2026-07-19T17:50:57"", ""state"": ""RUNNING"", ""time"": ""1:42:12""}",NEEDS_MONITOR,poll B8 again
2026-07-19T23:38:09.439436+00:00,B8_MONITOR,b9c7664da7cb1f1892fff37a4497722f31a0a96d,"{""B8"": ""59562056""}","{""job_id"": ""59562056"", ""partition"": ""htzhulab"", ""reason"": ""g1807htzh01"", ""start_time"": ""2026-07-19T17:50:57"", ""state"": ""RUNNING"", ""time"": ""1:47:12""}",NEEDS_MONITOR,poll B8 again
2026-07-19T23:43:09.480251+00:00,B8_MONITOR,b9c7664da7cb1f1892fff37a4497722f31a0a96d,"{""B8"": ""59562056""}","{""job_id"": ""59562056"", ""partition"": ""htzhulab"", ""reason"": ""g1807htzh01"", ""start_time"": ""2026-07-19T17:50:57"", ""state"": ""RUNNING"", ""time"": ""1:52:12""}",NEEDS_MONITOR,poll B8 again
2026-07-19T23:48:10.294283+00:00,B8_MONITOR,b9c7664da7cb1f1892fff37a4497722f31a0a96d,"{""B8"": ""59562056""}","{""job_id"": ""59562056"", ""partition"": ""htzhulab"", ""reason"": ""g1807htzh01"", ""start_time"": ""2026-07-19T17:50:57"", ""state"": ""RUNNING"", ""time"": ""1:57:13""}",NEEDS_MONITOR,poll B8 again
2026-07-19T23:53:10.347083+00:00,B8_TERMINAL,b9c7664da7cb1f1892fff37a4497722f31a0a96d,"{""B8"": ""59562056""}","{""elapsed"": ""02:00:13"", ""end"": ""2026-07-19T19:51:10"", ""exit_code"": ""0:0"", ""job_id"": ""59562056"", ""node"": ""g1807htzh01"", ""partition"": ""htzhulab"", ""start"": ""2026-07-19T17:50:57"", ""state"": ""COMPLETED""}",B8_STAGE_COMPLETE,controller resume B9 only if B8 method decision allows; otherwise classify Cine lane terminal
2026-07-19T23:59:35.705534+00:00,B6_SUBMITTED,b9c7664da7cb1f1892fff37a4497722f31a0a96d,"{""B6"": ""59568601""}",submitted htzhulab only; a100 test-only much worse; B8 terminal blocker prevents B9,NEEDS_MONITOR,monitor B6 terminal state
2026-07-19T23:59:35.737938+00:00,B6_MONITOR,b9c7664da7cb1f1892fff37a4497722f31a0a96d,"{""B6"": ""59568601""}","{""job_id"": ""59568601"", ""partition"": ""htzhulab"", ""reason"": ""g1807htzh01"", ""start_time"": ""2026-07-19T19:59:11"", ""state"": ""RUNNING"", ""time"": ""0:24""}",NEEDS_MONITOR,poll B6 again
2026-07-20T00:04:35.778192+00:00,B6_MONITOR,b9c7664da7cb1f1892fff37a4497722f31a0a96d,"{""B6"": ""59568601""}","{""job_id"": ""59568601"", ""partition"": ""htzhulab"", ""reason"": ""g1807htzh01"", ""start_time"": ""2026-07-19T19:59:11"", ""state"": ""RUNNING"", ""time"": ""5:24""}",NEEDS_MONITOR,poll B6 again
2026-07-20T00:09:35.809029+00:00,B6_MONITOR,b9c7664da7cb1f1892fff37a4497722f31a0a96d,"{""B6"": ""59568601""}","{""job_id"": ""59568601"", ""partition"": ""htzhulab"", ""reason"": ""g1807htzh01"", ""start_time"": ""2026-07-19T19:59:11"", ""state"": ""RUNNING"", ""time"": ""10:24""}",NEEDS_MONITOR,poll B6 again
2026-07-20T00:14:35.845733+00:00,B6_MONITOR,b9c7664da7cb1f1892fff37a4497722f31a0a96d,"{""B6"": ""59568601""}","{""job_id"": ""59568601"", ""partition"": ""htzhulab"", ""reason"": ""g1807htzh01"", ""start_time"": ""2026-07-19T19:59:11"", ""state"": ""RUNNING"", ""time"": ""15:24""}",NEEDS_MONITOR,poll B6 again
2026-07-20T00:19:35.890977+00:00,B6_MONITOR,b9c7664da7cb1f1892fff37a4497722f31a0a96d,"{""B6"": ""59568601""}","{""job_id"": ""59568601"", ""partition"": ""htzhulab"", ""reason"": ""g1807htzh01"", ""start_time"": ""2026-07-19T19:59:11"", ""state"": ""RUNNING"", ""time"": ""20:24""}",NEEDS_MONITOR,poll B6 again
2026-07-20T00:24:35.932974+00:00,B6_MONITOR,b9c7664da7cb1f1892fff37a4497722f31a0a96d,"{""B6"": ""59568601""}","{""job_id"": ""59568601"", ""partition"": ""htzhulab"", ""reason"": ""g1807htzh01"", ""start_time"": ""2026-07-19T19:59:11"", ""state"": ""RUNNING"", ""time"": ""25:24""}",NEEDS_MONITOR,poll B6 again
2026-07-20T00:29:35.973697+00:00,B6_MONITOR,b9c7664da7cb1f1892fff37a4497722f31a0a96d,"{""B6"": ""59568601""}","{""job_id"": ""59568601"", ""partition"": ""htzhulab"", ""reason"": ""g1807htzh01"", ""start_time"": ""2026-07-19T19:59:11"", ""state"": ""RUNNING"", ""time"": ""30:24""}",NEEDS_MONITOR,poll B6 again
2026-07-20T00:34:36.016442+00:00,B6_MONITOR,b9c7664da7cb1f1892fff37a4497722f31a0a96d,"{""B6"": ""59568601""}","{""job_id"": ""59568601"", ""partition"": ""htzhulab"", ""reason"": ""g1807htzh01"", ""start_time"": ""2026-07-19T19:59:11"", ""state"": ""RUNNING"", ""time"": ""35:25""}",NEEDS_MONITOR,poll B6 again
2026-07-20T00:39:36.081710+00:00,B6_TERMINAL,b9c7664da7cb1f1892fff37a4497722f31a0a96d,"{""B6"": ""59568601""}","{""elapsed"": ""00:40:11"", ""end"": ""2026-07-19T20:39:22"", ""exit_code"": ""0:0"", ""job_id"": ""59568601"", ""node"": ""g1807htzh01"", ""partition"": ""htzhulab"", ""start"": ""2026-07-19T19:59:11"", ""state"": ""COMPLETED""}",B6_PASS,launch B10 finalizer if B6 pass and Cine terminal accounted
